source_id,publisher,title,evidence_period,source_type,URL
MASCO2020,DOSM,MASCO 2020,2020-01-01,occupation taxonomy,https://www.dosm.gov.my
DOSM_JMI_2025Q2,DOSM,Job Market Insights: Job Offerings in Malaysia Q2 2025,2025-06-30,labour-market insight,https://www.dosm.gov.my/uploads/release-content/file_20260311153802.pdf
DOSM_LMR_2025Q4,DOSM,Labour Market Review Q4 2025,2026-02-26,labour-market insight,https://www.dosm.gov.my/portal-main/release-content/labour-market-review-lmr-fourth-quarter-2025
MYCOL_2024_25,TalentCorp,MyMahir Malaysia Critical Occupations List 2024/2025,2025-01-01,critical-occupations report,https://www.talentcorp.com.my/images/uploads/publication/204/MYMAHIR-MALAYSIA-CRITICAL-OCCUPATIONS-LIST-2024-2025-1762766315.pdf
MYFUTUREJOBS_2026,PERKESO,MYFutureJobs recruitment material,2026-02-01,recruitment guidance,https://myfuturejobs.gov.my/wp-content/uploads/2026/04/FAQ-PAPD-BI-12032026.pdf
HAYS_MY_2025,Hays Malaysia,Hays Asia Salary Guide 2025 Malaysia recruitment trends,2025-02-13,recruitment guidance,https://www.hays.com.my/press-release/content/hays_unveils_2025_asia_salary_guide
HAYS_MY_2026,Hays Malaysia,Hays Malaysia Salary Guide 2026,2026-01-01,recruitment guidance,https://www.hays.com.my
MYCOL_DETAIL_2024_25,TalentCorp,MyCOL 2024/2025 detailed occupation evidence,,critical-occupations report,https://www.talentcorp.com.my/images/uploads/publication/204/MyMahir-Malaysia-Critical-Occupations-List-MyCOL20242025-1773385490.pdf
MYNSR_FINANCE_MANAGERS,TalentCorp MyNSR,Finance Managers,,occupation reference,https://mynsr.talentcorp.com.my/occupation/finance-managers/
MYNSR_BUSINESS_SERVICES_MANAGERS,TalentCorp MyNSR,Business Service Managers,,occupation reference,https://mynsr.talentcorp.com.my/occupation/business-service-managers/
MYNSR_ICT_MANAGERS,TalentCorp MyNSR,Information and Communications Technology Managers,,occupation reference,https://mynsr.talentcorp.com.my/occupation/information-and-communications-technology-managers/
MYNSR_IP_ENGINEERS,TalentCorp MyNSR,Industrial and Production Engineers,,occupation reference,https://mynsr.talentcorp.com.my/occupation/industrial-and-production-engineers/
MYNSR_MECHANICAL_ENGINEERS,TalentCorp MyNSR,Mechanical Engineers,,occupation reference,https://mynsr.talentcorp.com.my/occupation/mechanical-engineers/
MYNSR_MANUFACTURING_PROFESSIONALS,TalentCorp MyNSR,Manufacturing Professionals,,occupation reference,https://mynsr.talentcorp.com.my/occupation/manufacturing-professionals/
MYNSR_IT_SYSTEM_ADMINS,TalentCorp MyNSR,Information Technology System Administrators,,occupation reference,https://mynsr.talentcorp.com.my/occupation/information-technology-system-administrators/
RANDSTAD_FINANCE_MANAGER,Randstad Malaysia,Finance Manager,2026-05-19,recruiter role evidence,https://www.randstad.com.my/jobs/finance-manager_kuala-lumpur_46893088/
RW_FINANCE_MANAGER,Robert Walters Malaysia,Finance Manager 6 months contract,2026-08-20,recruiter role evidence,https://www.robertwalters.com.my/accountancyfinance/jobs/financemanager/1907807-finance-manager--6-months-contract---multilocation.html
RANDSTAD_FINANCE_PARTNERING,Randstad Malaysia,Strategic Finance Guide Finance Business Partnering in Malaysia,2026-04-10,recruitment guidance,https://www.randstad.com.my/career-advice/tips-and-resources/finance-business-partner-strategic-finance-guide-malaysia/
RANDSTAD_SALES_OPERATIONS,Randstad Malaysia,Sales and Operations Manager Wellness Centre,2026-06-18,recruiter role evidence,https://www.randstad.com.my/jobs/sales-operations-manager-wellness-centre_kuala-lumpur_47032687/
RW_COMMERCIAL_OPERATIONS,Robert Walters Malaysia,Commercial Operations Manager Pharmaceutical,2026-04-27,recruiter role evidence,https://www.robertwalters.com.my/healthcareandlifesciences/jobs/salesforceeffectivenessandsalestraining/1889590-commercial-operations-manager-pharmaceutical.html
RW_IT_MANAGER,Robert Walters Malaysia,IT Manager,2026-09-08,recruiter role evidence,https://www.robertwalters.com.my/techtransformation/jobs/infrastructureitoperations/1910586-it-manager.html
RW_GROUP_IT_MANAGER,Robert Walters Malaysia,Group IT Manager,2026-08-11,recruiter role evidence,https://www.robertwalters.com.my/techtransformation/jobs/infrastructureitoperations/1906359-group-it-manager.html
RANDSTAD_PROCESS_ENGINEER,Randstad Malaysia,Process Engineer,2026-05-28,recruiter role evidence,https://www.randstad.com.my/jobs/process-engineer_kuala-lumpur_46935490/
RANDSTAD_MANUFACTURING_ENGINEER,Randstad Malaysia,Manufacturing Engineer,2026-10-07,recruiter role evidence,https://www.randstad.com.my/jobs/manufacturing-engineer_malaysia_47555671/
RANDSTAD_PROCESS_DEVELOPMENT,Randstad Malaysia,Process Engineering and Development,2026-10-07,recruiter role evidence,https://www.randstad.com.my/jobs/process-engineering-development_malaysia_47555825/
RANDSTAD_MECHANICAL_ENGINEER,Randstad Malaysia,Mechanical Engineer,2026-09-17,recruiter role evidence,https://www.randstad.com.my/jobs/mechanical-engineer_kuala-lumpur_47455574/
RANDSTAD_MAINTENANCE_ENGINEER,Randstad Malaysia,Senior Maintenance Engineer,2026-09-03,recruiter role evidence,https://www.randstad.com.my/jobs/senior-maintenance-engineer_kuala-lumpur_47380701/
RW_IT_EXECUTIVE,Robert Walters Malaysia,Senior IT Executive,2026-04-08,recruiter role evidence,https://www.robertwalters.com.my/techtransformation/jobs/infrastructureitoperations/1886365-senior-it-executive.html
RW_IT_INFRA_MANAGER,Robert Walters Malaysia,IT Manager Infrastructure Network and Cloud,,recruiter role evidence,https://www.robertwalters.com.my/techtransformation/jobs/infrastructureitoperations/1908898-it-manager-infrastructure-network--cloud.html
MYNSR_CHEMICAL_PHYSICAL_SCIENCE_TECHNICIANS,TalentCorp MyNSR,Chemical and Physical Science Technicians,,occupation reference,https://mynsr.talentcorp.com.my/occupation/chemical-and-physical-science-technicians/
ILMIA_DRAUGHTSPERSONS_SURVEYING_TECHNICIANS,ILMIA / DOSM,MyJobProfile Draughtspersons and Surveying Technicians,,occupation reference,https://www.ilmia.gov.my/bda-myjobprofile/job/3118/draughtspersons-and-surveying-technicians
ILMIA_MOTOR_VEHICLE_MECHANICS,ILMIA / DOSM,MyJobProfile Motor Vehicle Mechanics and Repairers,,occupation reference,https://www.ilmia.gov.my/bda-myjobprofile/job/7231/motor-vehicle-mechanics-and-repairers
RANDSTAD_SERVICE_MECHANIC,Randstad Malaysia,Service Mechanic Heavy Machinery and Automotive,2026-04-28,recruiter role evidence,https://www.randstad.com.my/jobs/service-mechanic_kuala-lumpur_46800250/
MOH_PHARMACISTS_ACT_371,Ministry of Health Malaysia / Pharmacy Board,Registration of Pharmacists Act 1951 Act 371,,regulatory reference,https://www.pharmacy.gov.my/v2/sites/default/files/document-upload/registration-pharmacists-act-1951-act-371.pdf
MOH_PRISMA,MOH Pharmaceutical Services Programme,PRiSMA Pharmacist Registration Management System,,regulatory reference,https://prisma.pharmacy.gov.my/
MOH_ALLIED_HEALTH_ACT_774,Ministry of Health Malaysia,Allied Health Professions Act 2016 Act 774,,regulatory reference,https://www.moh.gov.my/moh/modules_resources/english/database_stores/91/317_37.pdf
MOH_PHYSIO_CREDENTIALLING,Ministry of Health Malaysia,Credentialling Allied Health Personnel Physiotherapy,,regulatory reference,https://www.moh.gov.my/warga/muat-turun-borang/credentialling-allied-health-personnel
MAHPC_PRACTISING_CERTIFICATE,Ministry of Health Malaysia / Malaysian Allied Health Professions Council,Practising Certificate infrastructure for Physiotherapists,,regulatory reference,https://mhps.moh.gov.my/
ILMIA_GENERALIST_MEDICAL_PRACTITIONERS,ILMIA / DOSM,MyJobProfile Generalist Medical Practitioners,2024-03-31,occupation reference,https://www.ilmia.gov.my/bda-myjobprofile/job/2211/generalist-medical-practitioners
ILMIA_SPECIALIST_MEDICAL_PRACTITIONERS,ILMIA / DOSM,MyJobProfile Specialist Medical Practitioners,2024-03-31,occupation reference,https://www.ilmia.gov.my/bda-myjobprofile/job/2212/specialist-medical-practitioners
MMC_REGISTRATION_APC,Malaysian Medical Council,Registrations,,regulatory reference,https://mmc.gov.my/registrations/
MMC_SPECIALIST_REGISTRATION,Malaysian Medical Council,Specialist Registration,,regulatory reference,https://mmc.gov.my/specialist-registration/
MMC_GOOD_MEDICAL_PRACTICE_2019,Malaysian Medical Council,Good Medical Practice 2019,2019-01-01,professional practice guidance,https://mmc.gov.my/wp-content/uploads/2022/04/Good-Medical-Practice-2019.pdf
MMC_MEDICAL_RECORDS_REPORTS,Malaysian Medical Council,Medical Records and Medical Reports,2006-01-01,professional practice guidance,https://mmc.gov.my/wp-content/uploads/2019/11/Medical-RecordsMedical-Reports.pdf
ILMIA_MEDICAL_IMAGING_TECHNICIANS,ILMIA / DOSM,MyJobProfile Medical Imaging and Therapeutic Equipment Technicians,2024-03-31,occupation reference,https://www.ilmia.gov.my/bda-myjobprofile/job/3211/medical-imaging-and-therapeutic-equipment-technicians
ILMIA_MEDICAL_PATHOLOGY_LAB_TECHNICIANS,ILMIA / DOSM,MyJobProfile Medical and Pathology Laboratory Technicians,2024-03-31,occupation reference,https://www.ilmia.gov.my/bda-myjobprofile/job/3212/medical-and-pathology-laboratory-technicians
ILMIA_PHARMACEUTICAL_TECHNICIANS_ASSISTANTS,ILMIA / DOSM,MyJobProfile Pharmaceutical Technicians and Assistants,2024-03-31,occupation reference,https://www.ilmia.gov.my/bda-myjobprofile/job/3213/pharmaceutical-technicians-and-assistants
ILMIA_MEDICAL_DENTAL_PROSTHETIC_TECHNICIANS,ILMIA / DOSM,MyJobProfile Medical and Dental Prosthetic Technicians,2024-03-31,occupation reference,https://www.ilmia.gov.my/bda-myjobprofile/job/3214/medical-and-dental-prosthetic-technicians
MOH_RADIOLOGY_SERVICE_2026,Ministry of Health Malaysia,Hospital Tengku Ampuan Afzan Radiology Department Service Profile,2026-05-06,current service context,https://portal.appshtaa.moh.gov.my/index.php/profil-jabatan-2/jabatan-radiologi
MOH_LAB_TECHNICIAN_GUIDE_2025,Ministry of Health Malaysia,Primary Healthcare Medical Laboratory Technologist Guide 2025,,professional service guidance,https://hq.moh.gov.my/bpkk/images/Penerbitan/BUKU_PANDUAN_JURUTEKNOLOGI_MAKMAL_PERUBATAN_PENJAGAAN_KESIHATAN_PRIMER_EDISI_2025_MAKMAL_KESIHATAN_PRIMER_KEMENTERIAN_KESIHATAN_MALAYSIA_4_compressed.pdf
MOH_PPF_CREDENTIALING_2026,MOH Pharmaceutical Services Programme,Credentialing Penolong Pegawai Farmasi,2026-05-06,current professional context,https://pharmacy.moh.gov.my/ms/entri/credentialing-penolong-pegawai-farmasi.html
MOH_DENTAL_TECHNOLOGIST_2026,Ministry of Health Malaysia,Promotion Exercise for Juruteknologi Pergigian U6 to U7,2026-05-21,current workforce context,https://www.moh.gov.my/component/content/category/iklan-pemangkuan-kenaikan-pangkat?start=10
MOH_PROSTHETIC_ORTHOTIC_TECHNICIANS_2025,Ministry of Health Malaysia,Departmental Examination Schedule for Prosthetic and Orthotic Medical Technicians,,professional service reference,https://ores.moh.gov.my/files/takwim-peperiksaan-peperiksaan-subjek-jabatan-tahun-2025.pdf
ILMIA_DENTAL_ASSISTANTS_THERAPISTS,ILMIA / DOSM,MyJobProfile Dental Assistants and Therapists,2024-03-31,occupation reference,https://www.ilmia.gov.my/bda-myjobprofile/job/3251/dental-assistants-and-therapists
ILMIA_MEDICAL_RECORD_HEALTH_INFO_TECHNICIANS,ILMIA / DOSM,MyJobProfile Medical Record and Health Information Technicians,2024-03-31,occupation reference,https://www.ilmia.gov.my/bda-myjobprofile/job/3252/medical-record-and-health-information-technicians
ILMIA_COMMUNITY_HEALTH_WORKERS,ILMIA / DOSM,MyJobProfile Community Health Workers,2024-03-31,occupation reference,https://www.ilmia.gov.my/bda-myjobprofile/job/3253/community-health-workers
ILMIA_DISPENSING_OPTICIANS,ILMIA / DOSM,MyJobProfile Dispensing Opticians,2024-03-31,occupation reference,https://www.ilmia.gov.my/bda-myjobprofile/job/3254/dispensing-opticians
SPA_DENTAL_SURGERY_ASSISTANT_2026,Suruhanjaya Perkhidmatan Awam Malaysia,Latihan Pembantu Pembedahan Pergigian,,current workforce/training context,https://spa.gov.my/syarat-permohonan/latihan-separa-perubatan/latihan-pembantu-pembedahan-pergigian
MOC_OPTICIAN_APC,Malaysian Optical Council,Annual Practising Certificate (APC),,regulatory reference,https://hq.moh.gov.my/moc/apc-2/
ILMIA_PHYSIOTHERAPY_TECHNICIANS_ASSISTANTS,ILMIA / DOSM,MyJobProfile Physiotherapy Technicians and Assistants,2024-03-31,occupation reference,https://myjobprofile.dosm.gov.my/bda-myjobprofile/job/3255/physiotherapy-technicians-and-assistants
ILMIA_MEDICAL_ASSISTANTS,ILMIA / DOSM,MyJobProfile Medical Assistants,2024-03-31,occupation reference,https://www.ilmia.gov.my/bda-myjobprofile/job/3256/medical-assistants
ILMIA_ENVIRONMENTAL_OCCUPATIONAL_HEALTH_INSPECTORS,ILMIA / DOSM,MyJobProfile Environmental and Occupational Health Inspectors and Associates,2024-03-31,occupation reference,https://www.ilmia.gov.my/bda-myjobprofile/job/3257/environmental-and-occupational-health-inspectors-and-associates
ILMIA_AMBULANCE_ASSISTANTS,ILMIA / DOSM,MyJobProfile Ambulance Assistants,2024-03-31,occupation reference,https://www.ilmia.gov.my/bda-myjobprofile/job/3258/ambulance-assistants
ILMIA_HEALTH_ASSOCIATE_PROFESSIONALS_NEC,ILMIA / DOSM,MyJobProfile Health Associate Professionals Not Elsewhere Classified,2024-03-31,occupation reference,https://www.ilmia.gov.my/bda-myjobprofile/job/3259/health-associate-professionals-not-elsewhere-classified
SPA_PHYSIOTHERAPY_TRAINING_2026,Suruhanjaya Perkhidmatan Awam Malaysia,Latihan Jurupulih Perubatan Fisioterapi,,current workforce/training context,https://spa.gov.my/syarat-permohonan/latihan-separa-perubatan/latihan-jurupulih-perubatan-fisioterapi
SPA_MEDICAL_ASSISTANT_U5,Suruhanjaya Perkhidmatan Awam Malaysia,Penolong Pegawai Perubatan Gred U5 / U9,,current professional context,https://spa.gov.my/syarat-permohonan/diploma-stpm-stam-hsc/penolong-pegawai-perubatan-gred-u5
SPA_ENVIRONMENTAL_HEALTH_U5,Suruhanjaya Perkhidmatan Awam Malaysia,Penolong Pegawai Kesihatan Persekitaran Gred U5 / U9,,current professional context,https://spa.gov.my/syarat-permohonan/diploma-stpm-stam-hsc/penolong-pegawai-kesihatan-persekitaran-gred-u5
MOH_AMBULANCE_SERVICE_CONTEXT_2026,Ministry of Health Malaysia,Tender 72/2026 ambulance Type B for MOH hospitals and clinics,2026-04-28,current service context,https://www.moh.gov.my/en/tender/list-of-tenders/maklumat-tender/fta-cptpp-tender-membekal-menguji-dan-mentauliah-kenderaan-ambulans-type-b-989-unit-bersama-kelengkapan-peralatan-perubatan-bagi-kumpulan-1-2-3-4-5-6-untuk-kegunaan-hospital-klinik-kesihatan-kkm-bagi-tempoh-kontrak-dua-2-tahun
MOH_NURSING_REGISTRATION_APC,Ministry of Health Malaysia Nursing Division,Registration and Annual Practicing Certificate (APC),,current professional/regulatory context,https://hq.moh.gov.my/nursing/en/about-us/units-function-introduction/registration-apc/
MOH_NURSING_MIDWIVES_BOARD,Ministry of Health Malaysia Nursing Division,Nursing and Midwives Board,,current professional/regulatory context,https://hq.moh.gov.my/nursing/en/about-us/midwives-board/
MOH_NURSING_DOWNLOADS_2026,Ministry of Health Malaysia Nursing Division,Downloads: MNB and MMB examination and registration forms,,current administration context,https://hq.moh.gov.my/nursing/en/downloads/
SPA_NURSING_U5_U9,Suruhanjaya Perkhidmatan Awam Malaysia,Jururawat Gred U9 / Jururawat Gred U5,,current appointment/qualification context,https://spa.gov.my/syarat-permohonan/ijazah-sarjana-muda-sarjana-doktor-falsafah/jururawat-gred-u9
RMCD_CUSTOMS_DIVISION_2026,Royal Malaysian Customs Department,Customs Division,,current operational context,https://www.customs.gov.my/en/corporate/departments/customs-division
LHDN_ROLES_FUNCTIONS_2023,Inland Revenue Board of Malaysia,Roles and Functions of HASiL,2023-11-01,stable organisational reference,https://www.hasil.gov.my/media/h4ud0z0a/slaid-hasil-together-we-develop-the-nation.pdf
PERKESO_SOCIAL_SECURITY_CONTEXT_2026,SOCSO / PERKESO,Employees Social Security Amendment Act 2026,2026-01-01,current social-protection context,https://www.perkeso.gov.my/images/akta/ACT%204/Act_A1788_-_EMPLOYEES_SOCIAL_SECURITY_AMENDMENT_ACT_2026.pdf
MALAYSIA_GOV_ELICENSE_CONTEXT,Government of Malaysia,eLicense System,,current licensing-administration context,https://www.malaysia.gov.my/en/my-initiative/sistem-penyampaian-perkhidmatan-awam-dan-kerajaan-tempatan/electronic-service-offering/g2b
PDRM_CID_2026,Royal Malaysia Police,Criminal Investigation Department,2026-03-21,current organisational context,https://rmp2u.rmp.gov.my/content/jabatan-siasatan-jenayah?lang=en
APM_ORGANISATIONAL_CONTEXT,Angkatan Pertahanan Awam Malaysia,Fungsi dan Peranan,,current organisational context,https://www.civildefence.gov.my/fungsi-dan-peranan/
ILMIA_CYBERSECURITY_PROFESSIONALS,ILMIA / Department of Statistics Malaysia,MyJobProfile Cyber Security Professionals,2024-03-31,role task reference,https://www.ilmia.gov.my/bda-myjobprofile/job/2531/cyber-security-professionals
NACSA_CYBER_SECURITY_ACT_2024,National Cyber Security Agency (NACSA),Cyber Security Act 2024 and regulations,2024-08-26,current regulatory context,https://www.nacsa.gov.my/legal.php
CYBER999_INCIDENT_RESPONSE_CONTEXT_2026,CyberSecurity Malaysia,Cyber999 Cyber Incident Response Center,,current incident-response context,https://www.cybersecurity.my/portal-main/services/cyber999-overview
