occupation_code,quality_tier,family_code,family_title,exact_count,family_count,targeted_count,mapped_question_count,coverage_status,review_note
1121,Curated,112,MANAGING DIRECTORS AND CHIEF EXECUTIVES,10,5,15,46,Complete,
1211,Curated,121,BUSINESS SERVICES AND ADMINISTRATION MANAGERS,12,5,17,48,Complete,
1214,Curated,121,BUSINESS SERVICES AND ADMINISTRATION MANAGERS,12,5,17,48,Complete,
1221,Curated,122,"SALES, MARKETING AND DEVELOPMENT MANAGERS",4,5,9,40,Complete,
1321,Curated,132,"MANUFACTURING, MINING, CONSTRUCTION AND DISTRIBUTION",4,5,9,40,Complete,
1511,Curated,151,INFORMATION AND COMMUNICATIONS TECHNOLOGY MANAGERS,12,3,15,46,Complete,
2141,Curated,214,ENGINEERING PROFESSIONALS (EXCLUDING ELECTROTECHNOLOGY),12,5,17,48,Complete,
2144,Curated,214,ENGINEERING PROFESSIONALS (EXCLUDING ELECTROTECHNOLOGY),12,5,17,48,Complete,
2182,Curated,218,"MINING, MANUFACTURING AND CONSTRUCTION PROFESSIONALS",10,5,15,46,Complete,
2211,Curated,221,MEDICAL DOCTORS,4,1,5,36,Complete,
2212,Curated,221,MEDICAL DOCTORS,4,1,5,36,Complete,
2221,Curated,222,NURSING AND MIDWIFERY PROFESSIONALS,4,5,9,40,Complete,
2262,Curated,226,OTHER HEALTH PROFESSIONALS,10,5,15,46,Complete,
2264,Curated,226,OTHER HEALTH PROFESSIONALS,10,5,15,46,Complete,
2341,Curated,234,PRIMARY SCHOOL AND EARLY CHILDHOOD TEACHERS,4,5,9,40,Complete,
2411,Curated,241,FINANCE PROFESSIONALS,10,5,15,46,Complete,
2421,Curated,242,ADMINISTRATION PROFESSIONALS,4,5,9,40,Complete,
2431,Curated,243,"SALES, MARKETING AND PUBLIC RELATIONS PROFESSIONALS",10,5,15,46,Complete,
2511,Curated,251,SOFTWARE AND APPLICATION DEVELOPERS AND ANALYSTS,4,5,9,40,Complete,
2512,Curated,251,SOFTWARE AND APPLICATION DEVELOPERS AND ANALYSTS,10,5,15,46,Complete,
2522,Curated,252,DATABASE AND NETWORK PROFESSIONALS,16,5,21,52,Complete,
2531,Curated,253,INFORMATION TECHNOLOGY SECURITY PROFESSIONALS,5,0,5,36,Complete,
2911,Curated,291,REGULATORY BODY PROFESSIONALS,3,2,5,36,Complete,
2912,Curated,291,REGULATORY BODY PROFESSIONALS,3,2,5,36,Complete,
2913,Curated,291,REGULATORY BODY PROFESSIONALS,3,2,5,36,Complete,
2914,Curated,291,REGULATORY BODY PROFESSIONALS,3,2,5,36,Complete,
2915,Curated,291,REGULATORY BODY PROFESSIONALS,3,2,5,36,Complete,
2916,Curated,291,REGULATORY BODY PROFESSIONALS,3,2,5,36,Complete,
3111,Curated,311,PHYSICAL AND ENGINEERING SCIENCE TECHNICIANS,10,5,15,46,Complete,
3115,Curated,311,PHYSICAL AND ENGINEERING SCIENCE TECHNICIANS,12,5,17,48,Complete,
3118,Curated,311,PHYSICAL AND ENGINEERING SCIENCE TECHNICIANS,10,5,15,46,Complete,
3211,Curated,321,MEDICAL AND PHARMACEUTICAL TECHNICIANS,3,2,5,36,Complete,
3212,Curated,321,MEDICAL AND PHARMACEUTICAL TECHNICIANS,3,2,5,36,Complete,
3213,Curated,321,MEDICAL AND PHARMACEUTICAL TECHNICIANS,3,2,5,36,Complete,
3214,Curated,321,MEDICAL AND PHARMACEUTICAL TECHNICIANS,3,2,5,36,Complete,
3215,Curated,321,MEDICAL AND PHARMACEUTICAL TECHNICIANS,3,2,5,36,Complete,
3221,Curated,322,NURSING AND MIDWIFERY ASSOCIATE PROFESSIONALS,4,1,5,36,Complete,
3222,Curated,322,NURSING AND MIDWIFERY ASSOCIATE PROFESSIONALS,4,1,5,36,Complete,
3251,Curated,325,OTHER HEALTH ASSOCIATE PROFESSIONALS,3,2,5,36,Complete,
3252,Curated,325,OTHER HEALTH ASSOCIATE PROFESSIONALS,3,2,5,36,Complete,
3253,Curated,325,OTHER HEALTH ASSOCIATE PROFESSIONALS,3,2,5,36,Complete,
3254,Curated,325,OTHER HEALTH ASSOCIATE PROFESSIONALS,3,2,5,36,Complete,
3255,Curated,325,OTHER HEALTH ASSOCIATE PROFESSIONALS,3,2,5,36,Complete,
3256,Curated,325,OTHER HEALTH ASSOCIATE PROFESSIONALS,3,2,5,36,Complete,
3257,Curated,325,OTHER HEALTH ASSOCIATE PROFESSIONALS,3,2,5,36,Complete,
3258,Curated,325,OTHER HEALTH ASSOCIATE PROFESSIONALS,3,2,5,36,Complete,
3259,Curated,325,OTHER HEALTH ASSOCIATE PROFESSIONALS,3,2,5,36,Complete,
3311,Curated,331,FINANCIAL AND MATHEMATICAL ASSOCIATE PROFESSIONALS,4,5,9,40,Complete,
3341,Curated,334,ADMINISTRATIVE AND SPECIALISED ASSOCIATE PROFESSIONALS,10,5,15,46,Complete,
4222,Curated,422,CLIENT INFORMATION WORKERS,4,5,9,40,Complete,
5221,Curated,522,SHOP SALESPERSONS,4,5,9,40,Complete,
5222,Curated,522,SHOP SALESPERSONS,4,5,9,40,Complete,
5223,Curated,522,SHOP SALESPERSONS,4,5,9,40,Complete,
6111,Curated,611,MARKET GARDENERS AND CROP GROWERS,4,5,9,40,Complete,
7212,Curated,721,"SHEET AND STRUCTURAL METAL WORKERS, MOULDERS AND WELDERS AND",4,5,9,40,Complete,
7231,Curated,723,MACHINERY MECHANICS AND REPAIRERS,10,5,15,46,Complete,
8322,Curated,832,"CAR, VAN AND MOTORCYCLE DRIVERS",4,5,9,40,Complete,
0111,Preferred,011,PROFESSIONAL DUTY OFFICERS (MA),5,0,5,36,Complete,
1111,Preferred,111,LEGISLATORS AND SENIOR OFFICIALS,5,0,5,36,Complete,
1112,Preferred,111,LEGISLATORS AND SENIOR OFFICIALS,5,0,5,36,Complete,
1113,Preferred,111,LEGISLATORS AND SENIOR OFFICIALS,5,0,5,36,Complete,
1114,Preferred,111,LEGISLATORS AND SENIOR OFFICIALS,5,0,5,36,Complete,
1311,Preferred,131,PRODUCTION MANAGERS,5,0,5,36,Complete,
1312,Preferred,131,PRODUCTION MANAGERS,5,0,5,36,Complete,
1411,Preferred,141,HOTEL AND RESTAURANT MANAGERS,5,0,5,36,Complete,
1412,Preferred,141,HOTEL AND RESTAURANT MANAGERS,5,0,5,36,Complete,
1421,Preferred,142,RETAIL AND WHOLESALE TRADE MANAGERS,5,0,5,36,Complete,
1611,Preferred,161,PROFESSIONAL SERVICES MANAGERS,5,0,5,36,Complete,
1612,Preferred,161,PROFESSIONAL SERVICES MANAGERS,5,0,5,36,Complete,
1613,Preferred,161,PROFESSIONAL SERVICES MANAGERS,5,0,5,36,Complete,
1614,Preferred,161,PROFESSIONAL SERVICES MANAGERS,5,0,5,36,Complete,
1615,Preferred,161,PROFESSIONAL SERVICES MANAGERS,5,0,5,36,Complete,
1616,Preferred,161,PROFESSIONAL SERVICES MANAGERS,5,0,5,36,Complete,
1617,Preferred,161,PROFESSIONAL SERVICES MANAGERS,5,0,5,36,Complete,
1618,Preferred,161,PROFESSIONAL SERVICES MANAGERS,5,0,5,36,Complete,
1621,Preferred,162,OTHER SERVICES MANAGERS,5,0,5,36,Complete,
1622,Preferred,162,OTHER SERVICES MANAGERS,5,0,5,36,Complete,
1623,Preferred,162,OTHER SERVICES MANAGERS,5,0,5,36,Complete,
1624,Preferred,162,OTHER SERVICES MANAGERS,5,0,5,36,Complete,
1629,Preferred,162,OTHER SERVICES MANAGERS,5,0,5,36,Complete,
2111,Preferred,211,"PHYSICISTS, CHEMISTS AND RELATED PROFESSIONALS",5,0,5,36,Complete,
2112,Preferred,211,"PHYSICISTS, CHEMISTS AND RELATED PROFESSIONALS",5,0,5,36,Complete,
2113,Preferred,211,"PHYSICISTS, CHEMISTS AND RELATED PROFESSIONALS",5,0,5,36,Complete,
2114,Preferred,211,"PHYSICISTS, CHEMISTS AND RELATED PROFESSIONALS",5,0,5,36,Complete,
2121,Preferred,212,"MATHEMATICIANS, ACTUARIES AND STATISTICIANS",5,0,5,36,Complete,
2131,Preferred,213,LIFE SCIENCE PROFESSIONALS,5,0,5,36,Complete,
2132,Preferred,213,LIFE SCIENCE PROFESSIONALS,5,0,5,36,Complete,
2133,Preferred,213,LIFE SCIENCE PROFESSIONALS,5,0,5,36,Complete,
2134,Preferred,213,LIFE SCIENCE PROFESSIONALS,5,0,5,36,Complete,
2151,Preferred,215,ELECTROTECHNOLOGY ENGINEERS,5,0,5,36,Complete,
2152,Preferred,215,ELECTROTECHNOLOGY ENGINEERS,5,0,5,36,Complete,
2153,Preferred,215,ELECTROTECHNOLOGY ENGINEERS,5,0,5,36,Complete,
2161,Preferred,216,"ARCHITECTS, PLANNERS, SURVEYORS AND DESIGNERS",5,0,5,36,Complete,
2162,Preferred,216,"ARCHITECTS, PLANNERS, SURVEYORS AND DESIGNERS",5,0,5,36,Complete,
2163,Preferred,216,"ARCHITECTS, PLANNERS, SURVEYORS AND DESIGNERS",5,0,5,36,Complete,
2164,Preferred,216,"ARCHITECTS, PLANNERS, SURVEYORS AND DESIGNERS",5,0,5,36,Complete,
2165,Preferred,216,"ARCHITECTS, PLANNERS, SURVEYORS AND DESIGNERS",5,0,5,36,Complete,
2166,Preferred,216,"ARCHITECTS, PLANNERS, SURVEYORS AND DESIGNERS",5,0,5,36,Complete,
2171,Preferred,217,"SHIP, AIRCRAFT AND TRAIN/ LOCOMOTIVE CONTROLLERS",5,0,5,36,Complete,
2172,Preferred,217,"SHIP, AIRCRAFT AND TRAIN/ LOCOMOTIVE CONTROLLERS",5,0,5,36,Complete,
2173,Preferred,217,"SHIP, AIRCRAFT AND TRAIN/ LOCOMOTIVE CONTROLLERS",5,0,5,36,Complete,
2174,Preferred,217,"SHIP, AIRCRAFT AND TRAIN/ LOCOMOTIVE CONTROLLERS",5,0,5,36,Complete,
2175,Preferred,217,"SHIP, AIRCRAFT AND TRAIN/ LOCOMOTIVE CONTROLLERS",5,0,5,36,Complete,
2231,Preferred,223,TRADITIONAL AND COMPLEMENTARY MEDICINE PROFESSIONALS,5,0,5,36,Complete,
2241,Preferred,224,PARAMEDICAL PRACTITIONERS,5,0,5,36,Complete,
2251,Preferred,225,VETERINARIANS,5,0,5,36,Complete,
2311,Preferred,231,UNIVERSITY AND HIGHER EDUCATION TEACHING PROFESSIONALS,5,0,5,36,Complete,
2321,Preferred,232,VOCATIONAL EDUCATION TEACHERS,5,0,5,36,Complete,
2331,Preferred,233,SECONDARY EDUCATION TEACHERS,5,0,5,36,Complete,
2351,Preferred,235,"MUSIC, ARTS AND PERFORMING ARTS TEACHERS",5,0,5,36,Complete,
2352,Preferred,235,"MUSIC, ARTS AND PERFORMING ARTS TEACHERS",5,0,5,36,Complete,
2353,Preferred,235,"MUSIC, ARTS AND PERFORMING ARTS TEACHERS",5,0,5,36,Complete,
2361,Preferred,236,LANGUAGE TEACHERS,5,0,5,36,Complete,
2371,Preferred,237,RELIGIOUS TEACHERS,5,0,5,36,Complete,
2381,Preferred,238,TECHNOLOGY SKILLS AND TECHNICAL TRAINERS,5,0,5,36,Complete,
2391,Preferred,239,OTHER TEACHING PROFESSIONALS,5,0,5,36,Complete,
2392,Preferred,239,OTHER TEACHING PROFESSIONALS,5,0,5,36,Complete,
2393,Preferred,239,OTHER TEACHING PROFESSIONALS,5,0,5,36,Complete,
2399,Preferred,239,OTHER TEACHING PROFESSIONALS,5,0,5,36,Complete,
2541,Preferred,254,CREATIVE AND DIGITAL CONTENT PROFESSIONALS,5,0,5,36,Complete,
2542,Preferred,254,CREATIVE AND DIGITAL CONTENT PROFESSIONALS,5,0,5,36,Complete,
2543,Preferred,254,CREATIVE AND DIGITAL CONTENT PROFESSIONALS,5,0,5,36,Complete,
2611,Preferred,261,LEGAL PROFESSIONALS,5,0,5,36,Complete,
2612,Preferred,261,LEGAL PROFESSIONALS,5,0,5,36,Complete,
2711,Preferred,271,HOTEL AND RESTAURANT PROFESSIONALS,5,0,5,36,Complete,
2712,Preferred,271,HOTEL AND RESTAURANT PROFESSIONALS,5,0,5,36,Complete,
2811,Preferred,281,"LIBRARIANS, ARCHIVISTS AND CURATORS",5,0,5,36,Complete,
2812,Preferred,281,"LIBRARIANS, ARCHIVISTS AND CURATORS",5,0,5,36,Complete,
2821,Preferred,282,SOCIAL AND RELIGIOUS PROFESSIONALS,5,0,5,36,Complete,
2822,Preferred,282,SOCIAL AND RELIGIOUS PROFESSIONALS,5,0,5,36,Complete,
2823,Preferred,282,SOCIAL AND RELIGIOUS PROFESSIONALS,5,0,5,36,Complete,
2824,Preferred,282,SOCIAL AND RELIGIOUS PROFESSIONALS,5,0,5,36,Complete,
2825,Preferred,282,SOCIAL AND RELIGIOUS PROFESSIONALS,5,0,5,36,Complete,
2826,Preferred,282,SOCIAL AND RELIGIOUS PROFESSIONALS,5,0,5,36,Complete,
2831,Preferred,283,"AUTHORS, JOURNALISTS AND LINGUISTS",5,0,5,36,Complete,
2832,Preferred,283,"AUTHORS, JOURNALISTS AND LINGUISTS",5,0,5,36,Complete,
2833,Preferred,283,"AUTHORS, JOURNALISTS AND LINGUISTS",5,0,5,36,Complete,
2841,Preferred,284,CREATIVE AND PERFORMING ARTISTS,5,0,5,36,Complete,
2842,Preferred,284,CREATIVE AND PERFORMING ARTISTS,5,0,5,36,Complete,
2843,Preferred,284,CREATIVE AND PERFORMING ARTISTS,5,0,5,36,Complete,
2844,Preferred,284,CREATIVE AND PERFORMING ARTISTS,5,0,5,36,Complete,
2845,Preferred,284,CREATIVE AND PERFORMING ARTISTS,5,0,5,36,Complete,
2846,Preferred,284,CREATIVE AND PERFORMING ARTISTS,5,0,5,36,Complete,
2847,Preferred,284,CREATIVE AND PERFORMING ARTISTS,5,0,5,36,Complete,
2848,Preferred,284,CREATIVE AND PERFORMING ARTISTS,5,0,5,36,Complete,
2849,Preferred,284,CREATIVE AND PERFORMING ARTISTS,5,0,5,36,Complete,
3121,Preferred,312,"MINING, MANUFACTURING AND CONSTRUCTION SUPERVISORS",5,0,5,36,Complete,
3122,Preferred,312,"MINING, MANUFACTURING AND CONSTRUCTION SUPERVISORS",5,0,5,36,Complete,
3123,Preferred,312,"MINING, MANUFACTURING AND CONSTRUCTION SUPERVISORS",5,0,5,36,Complete,
3131,Preferred,313,PROCESS CONTROL TECHNICIANS,5,0,5,36,Complete,
3132,Preferred,313,PROCESS CONTROL TECHNICIANS,5,0,5,36,Complete,
3133,Preferred,313,PROCESS CONTROL TECHNICIANS,5,0,5,36,Complete,
3134,Preferred,313,PROCESS CONTROL TECHNICIANS,5,0,5,36,Complete,
3135,Preferred,313,PROCESS CONTROL TECHNICIANS,5,0,5,36,Complete,
3141,Preferred,314,LIFE SCIENCE TECHNICIANS AND RELATED ASSOCIATE PROFESSIONALS,5,0,5,36,Complete,
3142,Preferred,314,LIFE SCIENCE TECHNICIANS AND RELATED ASSOCIATE PROFESSIONALS,5,0,5,36,Complete,
3143,Preferred,314,LIFE SCIENCE TECHNICIANS AND RELATED ASSOCIATE PROFESSIONALS,5,0,5,36,Complete,
3144,Preferred,314,LIFE SCIENCE TECHNICIANS AND RELATED ASSOCIATE PROFESSIONALS,5,0,5,36,Complete,
3151,Preferred,315,"SHIP, AIRCRAFT AND TRAIN TECHNICIANS",5,0,5,36,Complete,
3152,Preferred,315,"SHIP, AIRCRAFT AND TRAIN TECHNICIANS",5,0,5,36,Complete,
3153,Preferred,315,"SHIP, AIRCRAFT AND TRAIN TECHNICIANS",5,0,5,36,Complete,
3154,Preferred,315,"SHIP, AIRCRAFT AND TRAIN TECHNICIANS",5,0,5,36,Complete,
3161,Preferred,316,NUCLEAR SCIENCE ASSOCIATE PROFESSIONALS,5,0,5,36,Complete,
3231,Preferred,323,TRADITIONAL AND COMPLEMENTARY MEDICINE ASSOCIATE PROFESSIONALS,5,0,5,36,Complete,
3241,Preferred,324,VETERINARY TECHNICIANS AND ASSISTANTS,5,0,5,36,Complete,
3321,Preferred,332,SALES AND PURCHASING AGENTS AND BROKERS,5,0,5,36,Complete,
3322,Preferred,332,SALES AND PURCHASING AGENTS AND BROKERS,5,0,5,36,Complete,
3323,Preferred,332,SALES AND PURCHASING AGENTS AND BROKERS,5,0,5,36,Complete,
3324,Preferred,332,SALES AND PURCHASING AGENTS AND BROKERS,5,0,5,36,Complete,
3331,Preferred,333,BUSINESS SERVICES AGENTS,5,0,5,36,Complete,
3332,Preferred,333,BUSINESS SERVICES AGENTS,5,0,5,36,Complete,
3333,Preferred,333,BUSINESS SERVICES AGENTS,5,0,5,36,Complete,
3334,Preferred,333,BUSINESS SERVICES AGENTS,5,0,5,36,Complete,
3339,Preferred,333,BUSINESS SERVICES AGENTS,5,0,5,36,Complete,
3411,Preferred,341,LEGAL ASSOCIATE PROFESSIONALS,5,0,5,36,Complete,
3511,Preferred,351,INFORMATION AND COMMUNICATIONS TECHNOLOGY OPERATION AND USER,5,0,5,36,Complete,
3512,Preferred,351,INFORMATION AND COMMUNICATIONS TECHNOLOGY OPERATION AND USER,5,0,5,36,Complete,
3513,Preferred,351,INFORMATION AND COMMUNICATIONS TECHNOLOGY OPERATION AND USER,5,0,5,36,Complete,
3514,Preferred,351,INFORMATION AND COMMUNICATIONS TECHNOLOGY OPERATION AND USER,5,0,5,36,Complete,
3521,Preferred,352,TELECOMMUNICATIONS AND BROADCASTING TECHNICIANS,5,0,5,36,Complete,
3522,Preferred,352,TELECOMMUNICATIONS AND BROADCASTING TECHNICIANS,5,0,5,36,Complete,
3611,Preferred,361,SOCIAL AND RELIGIOUS ASSOCIATE PROFESSIONALS,5,0,5,36,Complete,
3612,Preferred,361,SOCIAL AND RELIGIOUS ASSOCIATE PROFESSIONALS,5,0,5,36,Complete,
3621,Preferred,362,"SPORTS, SELF DEFENCE AND FITNESS ASSOCIATE PROFESSIONALS",5,0,5,36,Complete,
3622,Preferred,362,"SPORTS, SELF DEFENCE AND FITNESS ASSOCIATE PROFESSIONALS",5,0,5,36,Complete,
3623,Preferred,362,"SPORTS, SELF DEFENCE AND FITNESS ASSOCIATE PROFESSIONALS",5,0,5,36,Complete,
3631,Preferred,363,ARTISTIC AND CULTURAL ASSOCIATE PROFESSIONALS,5,0,5,36,Complete,
3632,Preferred,363,ARTISTIC AND CULTURAL ASSOCIATE PROFESSIONALS,5,0,5,36,Complete,
3633,Preferred,363,ARTISTIC AND CULTURAL ASSOCIATE PROFESSIONALS,5,0,5,36,Complete,
3634,Preferred,363,ARTISTIC AND CULTURAL ASSOCIATE PROFESSIONALS,5,0,5,36,Complete,
3639,Preferred,363,ARTISTIC AND CULTURAL ASSOCIATE PROFESSIONALS,5,0,5,36,Complete,
3641,Preferred,364,CULINARY ASSOCIATE PROFESSIONALS,5,0,5,36,Complete,
3711,Preferred,371,REGULATORY GOVERNMENT ASSOCIATE PROFESSIONALS,5,0,5,36,Complete,
3712,Preferred,371,REGULATORY GOVERNMENT ASSOCIATE PROFESSIONALS,5,0,5,36,Complete,
3713,Preferred,371,REGULATORY GOVERNMENT ASSOCIATE PROFESSIONALS,5,0,5,36,Complete,
3714,Preferred,371,REGULATORY GOVERNMENT ASSOCIATE PROFESSIONALS,5,0,5,36,Complete,
3715,Preferred,371,REGULATORY GOVERNMENT ASSOCIATE PROFESSIONALS,5,0,5,36,Complete,
3716,Preferred,371,REGULATORY GOVERNMENT ASSOCIATE PROFESSIONALS,5,0,5,36,Complete,
4111,Preferred,411,GENERAL OFFICE CLERKS,5,0,5,36,Complete,
4121,Preferred,412,SECRETARIES (GENERAL),5,0,5,36,Complete,
4131,Preferred,413,KEYBOARD OPERATORS,5,0,5,36,Complete,
4132,Preferred,413,KEYBOARD OPERATORS,5,0,5,36,Complete,
4211,Preferred,421,"TELLERS, MONEY COLLECTORS AND RELATED CLERKS",5,0,5,36,Complete,
4212,Preferred,421,"TELLERS, MONEY COLLECTORS AND RELATED CLERKS",5,0,5,36,Complete,
4213,Preferred,421,"TELLERS, MONEY COLLECTORS AND RELATED CLERKS",5,0,5,36,Complete,
4214,Preferred,421,"TELLERS, MONEY COLLECTORS AND RELATED CLERKS",5,0,5,36,Complete,
4311,Preferred,431,NUMERICAL CLERKS,5,0,5,36,Complete,
4312,Preferred,431,NUMERICAL CLERKS,5,0,5,36,Complete,
4321,Preferred,432,MATERIAL-RECORDING AND TRANSPORT CLERKS,5,0,5,36,Complete,
4322,Preferred,432,MATERIAL-RECORDING AND TRANSPORT CLERKS,5,0,5,36,Complete,
4323,Preferred,432,MATERIAL-RECORDING AND TRANSPORT CLERKS,5,0,5,36,Complete,
4411,Preferred,441,OTHER CLERICAL SUPPORT WORKERS,5,0,5,36,Complete,
4412,Preferred,441,OTHER CLERICAL SUPPORT WORKERS,5,0,5,36,Complete,
4413,Preferred,441,OTHER CLERICAL SUPPORT WORKERS,5,0,5,36,Complete,
4414,Preferred,441,OTHER CLERICAL SUPPORT WORKERS,5,0,5,36,Complete,
4415,Preferred,441,OTHER CLERICAL SUPPORT WORKERS,5,0,5,36,Complete,
4416,Preferred,441,OTHER CLERICAL SUPPORT WORKERS,5,0,5,36,Complete,
4419,Preferred,441,OTHER CLERICAL SUPPORT WORKERS,5,0,5,36,Complete,
5111,Preferred,511,"TRAVEL ATTENDANTS, CONDUCTORS AND GUIDES",5,0,5,36,Complete,
5112,Preferred,511,"TRAVEL ATTENDANTS, CONDUCTORS AND GUIDES",5,0,5,36,Complete,
5113,Preferred,511,"TRAVEL ATTENDANTS, CONDUCTORS AND GUIDES",5,0,5,36,Complete,
5121,Preferred,512,COOKS,5,0,5,36,Complete,
5131,Preferred,513,WAITERS AND BARTENDERS,5,0,5,36,Complete,
5132,Preferred,513,WAITERS AND BARTENDERS,5,0,5,36,Complete,
5141,Preferred,514,"HAIRDRESSERS, BEAUTICIANS AND RELATED WORKERS",5,0,5,36,Complete,
5142,Preferred,514,"HAIRDRESSERS, BEAUTICIANS AND RELATED WORKERS",5,0,5,36,Complete,
5151,Preferred,515,BUILDING AND HOUSEKEEPING SUPERVISORS,5,0,5,36,Complete,
5152,Preferred,515,BUILDING AND HOUSEKEEPING SUPERVISORS,5,0,5,36,Complete,
5153,Preferred,515,BUILDING AND HOUSEKEEPING SUPERVISORS,5,0,5,36,Complete,
5161,Preferred,516,OTHER PERSONAL SERVICES WORKERS,5,0,5,36,Complete,
5162,Preferred,516,OTHER PERSONAL SERVICES WORKERS,5,0,5,36,Complete,
5163,Preferred,516,OTHER PERSONAL SERVICES WORKERS,5,0,5,36,Complete,
5164,Preferred,516,OTHER PERSONAL SERVICES WORKERS,5,0,5,36,Complete,
5165,Preferred,516,OTHER PERSONAL SERVICES WORKERS,5,0,5,36,Complete,
5169,Preferred,516,OTHER PERSONAL SERVICES WORKERS,5,0,5,36,Complete,
5211,Preferred,521,STREET AND MARKET SALESPERSONS,5,0,5,36,Complete,
5212,Preferred,521,STREET AND MARKET SALESPERSONS,5,0,5,36,Complete,
5231,Preferred,523,CASHIERS AND TICKET CLERKS,5,0,5,36,Complete,
5241,Preferred,524,OTHER SALES WORKERS,5,0,5,36,Complete,
5242,Preferred,524,OTHER SALES WORKERS,5,0,5,36,Complete,
5243,Preferred,524,OTHER SALES WORKERS,5,0,5,36,Complete,
5244,Preferred,524,OTHER SALES WORKERS,5,0,5,36,Complete,
5245,Preferred,524,OTHER SALES WORKERS,5,0,5,36,Complete,
5246,Preferred,524,OTHER SALES WORKERS,5,0,5,36,Complete,
5249,Preferred,524,OTHER SALES WORKERS,5,0,5,36,Complete,
5311,Preferred,531,CHILD CARE WORKERS AND TEACHERS’ AIDES,5,0,5,36,Complete,
5312,Preferred,531,CHILD CARE WORKERS AND TEACHERS’ AIDES,5,0,5,36,Complete,
5321,Preferred,532,PERSONAL CARE WORKERS IN HEALTH SERVICES,5,0,5,36,Complete,
5322,Preferred,532,PERSONAL CARE WORKERS IN HEALTH SERVICES,5,0,5,36,Complete,
5411,Preferred,541,PROTECTIVE SERVICES WORKERS,5,0,5,36,Complete,
5412,Preferred,541,PROTECTIVE SERVICES WORKERS,5,0,5,36,Complete,
5413,Preferred,541,PROTECTIVE SERVICES WORKERS,5,0,5,36,Complete,
5414,Preferred,541,PROTECTIVE SERVICES WORKERS,5,0,5,36,Complete,
5415,Preferred,541,PROTECTIVE SERVICES WORKERS,5,0,5,36,Complete,
6121,Preferred,612,ANIMAL PRODUCERS,5,0,5,36,Complete,
6122,Preferred,612,ANIMAL PRODUCERS,5,0,5,36,Complete,
6123,Preferred,612,ANIMAL PRODUCERS,5,0,5,36,Complete,
6129,Preferred,612,ANIMAL PRODUCERS,5,0,5,36,Complete,
6131,Preferred,613,MIXED CROP AND ANIMAL PRODUCERS,5,0,5,36,Complete,
6211,Preferred,621,SKILLED FORESTRY AND RELATED WORKERS,5,0,5,36,Complete,
6221,Preferred,622,"SKILLED FISHERY WORKERS, HUNTERS AND TRAPPERS",5,0,5,36,Complete,
6222,Preferred,622,"SKILLED FISHERY WORKERS, HUNTERS AND TRAPPERS",5,0,5,36,Complete,
6223,Preferred,622,"SKILLED FISHERY WORKERS, HUNTERS AND TRAPPERS",5,0,5,36,Complete,
6224,Preferred,622,"SKILLED FISHERY WORKERS, HUNTERS AND TRAPPERS",5,0,5,36,Complete,
6311,Preferred,631,SUBSISTENCE CROP FARMERS,5,0,5,36,Complete,
6321,Preferred,632,SUBSISTENCE LIVESTOCK FARMERS,5,0,5,36,Complete,
6331,Preferred,633,SUBSISTENCE MIXED CROP AND LIVESTOCK FARMERS,5,0,5,36,Complete,
6341,Preferred,634,"SUBSISTENCE FISHERMEN, HUNTERS, TRAPPERS AND GATHERERS",5,0,5,36,Complete,
7111,Preferred,711,BUILDING FRAME AND RELATED TRADES WORKERS,5,0,5,36,Complete,
7112,Preferred,711,BUILDING FRAME AND RELATED TRADES WORKERS,5,0,5,36,Complete,
7113,Preferred,711,BUILDING FRAME AND RELATED TRADES WORKERS,5,0,5,36,Complete,
7114,Preferred,711,BUILDING FRAME AND RELATED TRADES WORKERS,5,0,5,36,Complete,
7115,Preferred,711,BUILDING FRAME AND RELATED TRADES WORKERS,5,0,5,36,Complete,
7119,Preferred,711,BUILDING FRAME AND RELATED TRADES WORKERS,5,0,5,36,Complete,
7121,Preferred,712,BUILDING FINISHERS AND RELATED TRADES WORKERS,5,0,5,36,Complete,
7122,Preferred,712,BUILDING FINISHERS AND RELATED TRADES WORKERS,5,0,5,36,Complete,
7123,Preferred,712,BUILDING FINISHERS AND RELATED TRADES WORKERS,5,0,5,36,Complete,
7124,Preferred,712,BUILDING FINISHERS AND RELATED TRADES WORKERS,5,0,5,36,Complete,
7125,Preferred,712,BUILDING FINISHERS AND RELATED TRADES WORKERS,5,0,5,36,Complete,
7126,Preferred,712,BUILDING FINISHERS AND RELATED TRADES WORKERS,5,0,5,36,Complete,
7127,Preferred,712,BUILDING FINISHERS AND RELATED TRADES WORKERS,5,0,5,36,Complete,
7131,Preferred,713,"PAINTERS, BUILDING STRUCTURE CLEANERS AND RELATED TRADES WORKERS",5,0,5,36,Complete,
7132,Preferred,713,"PAINTERS, BUILDING STRUCTURE CLEANERS AND RELATED TRADES WORKERS",5,0,5,36,Complete,
7133,Preferred,713,"PAINTERS, BUILDING STRUCTURE CLEANERS AND RELATED TRADES WORKERS",5,0,5,36,Complete,
7221,Preferred,722,"BLACKSMITHS, TOOLMAKERS AND RELATED TRADES WORKERS",5,0,5,36,Complete,
7222,Preferred,722,"BLACKSMITHS, TOOLMAKERS AND RELATED TRADES WORKERS",5,0,5,36,Complete,
7223,Preferred,722,"BLACKSMITHS, TOOLMAKERS AND RELATED TRADES WORKERS",5,0,5,36,Complete,
7224,Preferred,722,"BLACKSMITHS, TOOLMAKERS AND RELATED TRADES WORKERS",5,0,5,36,Complete,
7311,Preferred,731,HANDICRAFT WORKERS,5,0,5,36,Complete,
7312,Preferred,731,HANDICRAFT WORKERS,5,0,5,36,Complete,
7313,Preferred,731,HANDICRAFT WORKERS,5,0,5,36,Complete,
7314,Preferred,731,HANDICRAFT WORKERS,5,0,5,36,Complete,
7315,Preferred,731,HANDICRAFT WORKERS,5,0,5,36,Complete,
7316,Preferred,731,HANDICRAFT WORKERS,5,0,5,36,Complete,
7317,Preferred,731,HANDICRAFT WORKERS,5,0,5,36,Complete,
7318,Preferred,731,HANDICRAFT WORKERS,5,0,5,36,Complete,
7321,Preferred,732,PRINTING TRADES WORKERS,5,0,5,36,Complete,
7322,Preferred,732,PRINTING TRADES WORKERS,5,0,5,36,Complete,
7323,Preferred,732,PRINTING TRADES WORKERS,5,0,5,36,Complete,
7324,Preferred,732,PRINTING TRADES WORKERS,5,0,5,36,Complete,
7411,Preferred,741,ELECTRICAL EQUIPMENT INSTALLERS AND REPAIRERS,5,0,5,36,Complete,
7412,Preferred,741,ELECTRICAL EQUIPMENT INSTALLERS AND REPAIRERS,5,0,5,36,Complete,
7413,Preferred,741,ELECTRICAL EQUIPMENT INSTALLERS AND REPAIRERS,5,0,5,36,Complete,
7421,Preferred,742,ELECTRONICS AND TELECOMMUNICATIONS INSTALLERS AND REPAIRERS,5,0,5,36,Complete,
7422,Preferred,742,ELECTRONICS AND TELECOMMUNICATIONS INSTALLERS AND REPAIRERS,5,0,5,36,Complete,
7511,Preferred,751,FOOD PROCESSING AND RELATED WORKERS,5,0,5,36,Complete,
7512,Preferred,751,FOOD PROCESSING AND RELATED WORKERS,5,0,5,36,Complete,
7513,Preferred,751,FOOD PROCESSING AND RELATED WORKERS,5,0,5,36,Complete,
7514,Preferred,751,FOOD PROCESSING AND RELATED WORKERS,5,0,5,36,Complete,
7515,Preferred,751,FOOD PROCESSING AND RELATED WORKERS,5,0,5,36,Complete,
7516,Preferred,751,FOOD PROCESSING AND RELATED WORKERS,5,0,5,36,Complete,
7611,Preferred,761,"WOOD TREATERS, CABINET-MAKERS AND RELATED TRADES WORKERS",5,0,5,36,Complete,
7612,Preferred,761,"WOOD TREATERS, CABINET-MAKERS AND RELATED TRADES WORKERS",5,0,5,36,Complete,
7613,Preferred,761,"WOOD TREATERS, CABINET-MAKERS AND RELATED TRADES WORKERS",5,0,5,36,Complete,
7621,Preferred,762,GARMENT AND RELATED WORKERS,5,0,5,36,Complete,
7622,Preferred,762,GARMENT AND RELATED WORKERS,5,0,5,36,Complete,
7623,Preferred,762,GARMENT AND RELATED WORKERS,5,0,5,36,Complete,
7624,Preferred,762,GARMENT AND RELATED WORKERS,5,0,5,36,Complete,
7625,Preferred,762,GARMENT AND RELATED WORKERS,5,0,5,36,Complete,
7631,Preferred,763,OTHER CRAFT AND RELATED WORKERS,5,0,5,36,Complete,
7632,Preferred,763,OTHER CRAFT AND RELATED WORKERS,5,0,5,36,Complete,
7633,Preferred,763,OTHER CRAFT AND RELATED WORKERS,5,0,5,36,Complete,
7634,Preferred,763,OTHER CRAFT AND RELATED WORKERS,5,0,5,36,Complete,
8111,Preferred,811,MINING AND MINERAL PROCESSING PLANT OPERATORS,5,0,5,36,Complete,
8112,Preferred,811,MINING AND MINERAL PROCESSING PLANT OPERATORS,5,0,5,36,Complete,
8113,Preferred,811,MINING AND MINERAL PROCESSING PLANT OPERATORS,5,0,5,36,Complete,
8114,Preferred,811,MINING AND MINERAL PROCESSING PLANT OPERATORS,5,0,5,36,Complete,
8121,Preferred,812,METAL PROCESSING AND FINISHING PLANT OPERATORS,5,0,5,36,Complete,
8122,Preferred,812,METAL PROCESSING AND FINISHING PLANT OPERATORS,5,0,5,36,Complete,
8131,Preferred,813,CHEMICAL AND PHOTOGRAPHIC PRODUCTS PLANT AND MACHINE OPERATORS,5,0,5,36,Complete,
8132,Preferred,813,CHEMICAL AND PHOTOGRAPHIC PRODUCTS PLANT AND MACHINE OPERATORS,5,0,5,36,Complete,
8141,Preferred,814,"RUBBER, PLASTIC AND PAPER PRODUCTS MACHINE OPERATORS",5,0,5,36,Complete,
8142,Preferred,814,"RUBBER, PLASTIC AND PAPER PRODUCTS MACHINE OPERATORS",5,0,5,36,Complete,
8143,Preferred,814,"RUBBER, PLASTIC AND PAPER PRODUCTS MACHINE OPERATORS",5,0,5,36,Complete,
8151,Preferred,815,"TEXTILE, FUR AND LEATHER PRODUCTS MACHINE OPERATORS",5,0,5,36,Complete,
8152,Preferred,815,"TEXTILE, FUR AND LEATHER PRODUCTS MACHINE OPERATORS",5,0,5,36,Complete,
8153,Preferred,815,"TEXTILE, FUR AND LEATHER PRODUCTS MACHINE OPERATORS",5,0,5,36,Complete,
8154,Preferred,815,"TEXTILE, FUR AND LEATHER PRODUCTS MACHINE OPERATORS",5,0,5,36,Complete,
8155,Preferred,815,"TEXTILE, FUR AND LEATHER PRODUCTS MACHINE OPERATORS",5,0,5,36,Complete,
8156,Preferred,815,"TEXTILE, FUR AND LEATHER PRODUCTS MACHINE OPERATORS",5,0,5,36,Complete,
8157,Preferred,815,"TEXTILE, FUR AND LEATHER PRODUCTS MACHINE OPERATORS",5,0,5,36,Complete,
8159,Preferred,815,"TEXTILE, FUR AND LEATHER PRODUCTS MACHINE OPERATORS",5,0,5,36,Complete,
8161,Preferred,816,FOOD AND RELATED PRODUCTS MACHINE OPERATORS,5,0,5,36,Complete,
8171,Preferred,817,WOOD PROCESSING AND PAPERMAKING PLANT OPERATORS,5,0,5,36,Complete,
8172,Preferred,817,WOOD PROCESSING AND PAPERMAKING PLANT OPERATORS,5,0,5,36,Complete,
8173,Preferred,817,WOOD PROCESSING AND PAPERMAKING PLANT OPERATORS,5,0,5,36,Complete,
8181,Preferred,818,OTHER STATIONARY PLANT AND MACHINE OPERATORS,5,0,5,36,Complete,
8182,Preferred,818,OTHER STATIONARY PLANT AND MACHINE OPERATORS,5,0,5,36,Complete,
8183,Preferred,818,OTHER STATIONARY PLANT AND MACHINE OPERATORS,5,0,5,36,Complete,
8189,Preferred,818,OTHER STATIONARY PLANT AND MACHINE OPERATORS,5,0,5,36,Complete,
8211,Preferred,821,ASSEMBLERS,5,0,5,36,Complete,
8212,Preferred,821,ASSEMBLERS,5,0,5,36,Complete,
8213,Preferred,821,ASSEMBLERS,5,0,5,36,Complete,
8221,Preferred,822,MACHINE-TOOL SETTER-OPERATORS,5,0,5,36,Complete,
8311,Preferred,831,LOCOMOTIVE ENGINE DRIVERS AND RELATED WORKERS,5,0,5,36,Complete,
8312,Preferred,831,LOCOMOTIVE ENGINE DRIVERS AND RELATED WORKERS,5,0,5,36,Complete,
8331,Preferred,833,HEAVY TRUCK AND BUS DRIVERS,5,0,5,36,Complete,
8332,Preferred,833,HEAVY TRUCK AND BUS DRIVERS,5,0,5,36,Complete,
8341,Preferred,834,MOBILE PLANT OPERATORS,5,0,5,36,Complete,
8342,Preferred,834,MOBILE PLANT OPERATORS,5,0,5,36,Complete,
8343,Preferred,834,MOBILE PLANT OPERATORS,5,0,5,36,Complete,
8344,Preferred,834,MOBILE PLANT OPERATORS,5,0,5,36,Complete,
8351,Preferred,835,SHIPS DECK CREWS AND RELATED WORKERS,5,0,5,36,Complete,
9111,Preferred,911,"DOMESTIC, HOTEL AND OFFICE CLEANERS AND HELPERS",5,0,5,36,Complete,
9112,Preferred,911,"DOMESTIC, HOTEL AND OFFICE CLEANERS AND HELPERS",5,0,5,36,Complete,
9121,Preferred,912,"VEHICLE, WINDOW, LAUNDRY AND OTHER HAND CLEANING WORKERS",5,0,5,36,Complete,
9122,Preferred,912,"VEHICLE, WINDOW, LAUNDRY AND OTHER HAND CLEANING WORKERS",5,0,5,36,Complete,
9123,Preferred,912,"VEHICLE, WINDOW, LAUNDRY AND OTHER HAND CLEANING WORKERS",5,0,5,36,Complete,
9129,Preferred,912,"VEHICLE, WINDOW, LAUNDRY AND OTHER HAND CLEANING WORKERS",5,0,5,36,Complete,
9211,Preferred,921,"AGRICULTURAL, FORESTRY, FARMING AND FISHERY LABOURERS",5,0,5,36,Complete,
9212,Preferred,921,"AGRICULTURAL, FORESTRY, FARMING AND FISHERY LABOURERS",5,0,5,36,Complete,
9213,Preferred,921,"AGRICULTURAL, FORESTRY, FARMING AND FISHERY LABOURERS",5,0,5,36,Complete,
9214,Preferred,921,"AGRICULTURAL, FORESTRY, FARMING AND FISHERY LABOURERS",5,0,5,36,Complete,
9215,Preferred,921,"AGRICULTURAL, FORESTRY, FARMING AND FISHERY LABOURERS",5,0,5,36,Complete,
9216,Preferred,921,"AGRICULTURAL, FORESTRY, FARMING AND FISHERY LABOURERS",5,0,5,36,Complete,
9219,Preferred,921,"AGRICULTURAL, FORESTRY, FARMING AND FISHERY LABOURERS",5,0,5,36,Complete,
9311,Preferred,931,MINING AND CONSTRUCTION LABOURERS,5,0,5,36,Complete,
9312,Preferred,931,MINING AND CONSTRUCTION LABOURERS,5,0,5,36,Complete,
9313,Preferred,931,MINING AND CONSTRUCTION LABOURERS,5,0,5,36,Complete,
9321,Preferred,932,MANUFACTURING LABOURERS,5,0,5,36,Complete,
9329,Preferred,932,MANUFACTURING LABOURERS,5,0,5,36,Complete,
9331,Preferred,933,TRANSPORT AND STORAGE LABOURERS,5,0,5,36,Complete,
9332,Preferred,933,TRANSPORT AND STORAGE LABOURERS,5,0,5,36,Complete,
9333,Preferred,933,TRANSPORT AND STORAGE LABOURERS,5,0,5,36,Complete,
9334,Preferred,933,TRANSPORT AND STORAGE LABOURERS,5,0,5,36,Complete,
9411,Preferred,941,FOOD PREPARATION ASSISTANTS,5,0,5,36,Complete,
9412,Preferred,941,FOOD PREPARATION ASSISTANTS,5,0,5,36,Complete,
9511,Preferred,951,STREET AND RELATED SERVICE WORKERS,5,0,5,36,Complete,
9521,Preferred,952,STREET VENDORS (EXCLUDING FOOD),5,0,5,36,Complete,
9611,Preferred,961,REFUSE COLLECTORS,5,0,5,36,Complete,
9612,Preferred,961,REFUSE COLLECTORS,5,0,5,36,Complete,
9613,Preferred,961,REFUSE COLLECTORS,5,0,5,36,Complete,
9621,Preferred,962,OTHER ELEMENTARY WORKERS,5,0,5,36,Complete,
9622,Preferred,962,OTHER ELEMENTARY WORKERS,5,0,5,36,Complete,
9623,Preferred,962,OTHER ELEMENTARY WORKERS,5,0,5,36,Complete,
9624,Preferred,962,OTHER ELEMENTARY WORKERS,5,0,5,36,Complete,
9625,Preferred,962,OTHER ELEMENTARY WORKERS,5,0,5,36,Complete,
1212,Standard,121,BUSINESS SERVICES AND ADMINISTRATION MANAGERS,2,5,7,38,Complete,
1213,Standard,121,BUSINESS SERVICES AND ADMINISTRATION MANAGERS,2,5,7,38,Complete,
1215,Standard,121,BUSINESS SERVICES AND ADMINISTRATION MANAGERS,2,5,7,38,Complete,
1216,Standard,121,BUSINESS SERVICES AND ADMINISTRATION MANAGERS,2,5,7,38,Complete,
1219,Standard,121,BUSINESS SERVICES AND ADMINISTRATION MANAGERS,2,5,7,38,Complete,
1222,Standard,122,"SALES, MARKETING AND DEVELOPMENT MANAGERS",2,5,7,38,Complete,
1223,Standard,122,"SALES, MARKETING AND DEVELOPMENT MANAGERS",2,5,7,38,Complete,
1322,Standard,132,"MANUFACTURING, MINING, CONSTRUCTION AND DISTRIBUTION",2,5,7,38,Complete,
1323,Standard,132,"MANUFACTURING, MINING, CONSTRUCTION AND DISTRIBUTION",2,5,7,38,Complete,
1324,Standard,132,"MANUFACTURING, MINING, CONSTRUCTION AND DISTRIBUTION",2,5,7,38,Complete,
2142,Standard,214,ENGINEERING PROFESSIONALS (EXCLUDING ELECTROTECHNOLOGY),2,5,7,38,Complete,
2143,Standard,214,ENGINEERING PROFESSIONALS (EXCLUDING ELECTROTECHNOLOGY),2,5,7,38,Complete,
2145,Standard,214,ENGINEERING PROFESSIONALS (EXCLUDING ELECTROTECHNOLOGY),2,5,7,38,Complete,
2146,Standard,214,ENGINEERING PROFESSIONALS (EXCLUDING ELECTROTECHNOLOGY),2,5,7,38,Complete,
2149,Standard,214,ENGINEERING PROFESSIONALS (EXCLUDING ELECTROTECHNOLOGY),2,5,7,38,Complete,
2181,Standard,218,"MINING, MANUFACTURING AND CONSTRUCTION PROFESSIONALS",2,5,7,38,Complete,
2183,Standard,218,"MINING, MANUFACTURING AND CONSTRUCTION PROFESSIONALS",2,5,7,38,Complete,
2222,Standard,222,NURSING AND MIDWIFERY PROFESSIONALS,2,5,7,38,Complete,
2261,Standard,226,OTHER HEALTH PROFESSIONALS,2,5,7,38,Complete,
2263,Standard,226,OTHER HEALTH PROFESSIONALS,2,5,7,38,Complete,
2265,Standard,226,OTHER HEALTH PROFESSIONALS,2,5,7,38,Complete,
2266,Standard,226,OTHER HEALTH PROFESSIONALS,2,5,7,38,Complete,
2267,Standard,226,OTHER HEALTH PROFESSIONALS,2,5,7,38,Complete,
2268,Standard,226,OTHER HEALTH PROFESSIONALS,2,5,7,38,Complete,
2269,Standard,226,OTHER HEALTH PROFESSIONALS,2,5,7,38,Complete,
2342,Standard,234,PRIMARY SCHOOL AND EARLY CHILDHOOD TEACHERS,2,5,7,38,Complete,
2412,Standard,241,FINANCE PROFESSIONALS,2,5,7,38,Complete,
2413,Standard,241,FINANCE PROFESSIONALS,2,5,7,38,Complete,
2422,Standard,242,ADMINISTRATION PROFESSIONALS,2,5,7,38,Complete,
2423,Standard,242,ADMINISTRATION PROFESSIONALS,2,5,7,38,Complete,
2424,Standard,242,ADMINISTRATION PROFESSIONALS,2,5,7,38,Complete,
2425,Standard,242,ADMINISTRATION PROFESSIONALS,2,5,7,38,Complete,
2426,Standard,242,ADMINISTRATION PROFESSIONALS,2,5,7,38,Complete,
2432,Standard,243,"SALES, MARKETING AND PUBLIC RELATIONS PROFESSIONALS",2,5,7,38,Complete,
2433,Standard,243,"SALES, MARKETING AND PUBLIC RELATIONS PROFESSIONALS",2,5,7,38,Complete,
2434,Standard,243,"SALES, MARKETING AND PUBLIC RELATIONS PROFESSIONALS",2,5,7,38,Complete,
2513,Standard,251,SOFTWARE AND APPLICATION DEVELOPERS AND ANALYSTS,2,5,7,38,Complete,
2514,Standard,251,SOFTWARE AND APPLICATION DEVELOPERS AND ANALYSTS,2,5,7,38,Complete,
2519,Standard,251,SOFTWARE AND APPLICATION DEVELOPERS AND ANALYSTS,2,5,7,38,Complete,
2521,Standard,252,DATABASE AND NETWORK PROFESSIONALS,2,5,7,38,Complete,
2523,Standard,252,DATABASE AND NETWORK PROFESSIONALS,2,5,7,38,Complete,
2524,Standard,252,DATABASE AND NETWORK PROFESSIONALS,2,5,7,38,Complete,
3112,Standard,311,PHYSICAL AND ENGINEERING SCIENCE TECHNICIANS,2,5,7,38,Complete,
3113,Standard,311,PHYSICAL AND ENGINEERING SCIENCE TECHNICIANS,2,5,7,38,Complete,
3114,Standard,311,PHYSICAL AND ENGINEERING SCIENCE TECHNICIANS,2,5,7,38,Complete,
3116,Standard,311,PHYSICAL AND ENGINEERING SCIENCE TECHNICIANS,2,5,7,38,Complete,
3117,Standard,311,PHYSICAL AND ENGINEERING SCIENCE TECHNICIANS,2,5,7,38,Complete,
3119,Standard,311,PHYSICAL AND ENGINEERING SCIENCE TECHNICIANS,2,5,7,38,Complete,
3312,Standard,331,FINANCIAL AND MATHEMATICAL ASSOCIATE PROFESSIONALS,2,5,7,38,Complete,
3313,Standard,331,FINANCIAL AND MATHEMATICAL ASSOCIATE PROFESSIONALS,2,5,7,38,Complete,
3314,Standard,331,FINANCIAL AND MATHEMATICAL ASSOCIATE PROFESSIONALS,2,5,7,38,Complete,
3315,Standard,331,FINANCIAL AND MATHEMATICAL ASSOCIATE PROFESSIONALS,2,5,7,38,Complete,
3342,Standard,334,ADMINISTRATIVE AND SPECIALISED ASSOCIATE PROFESSIONALS,2,5,7,38,Complete,
3343,Standard,334,ADMINISTRATIVE AND SPECIALISED ASSOCIATE PROFESSIONALS,2,5,7,38,Complete,
3344,Standard,334,ADMINISTRATIVE AND SPECIALISED ASSOCIATE PROFESSIONALS,2,5,7,38,Complete,
4221,Standard,422,CLIENT INFORMATION WORKERS,2,5,7,38,Complete,
4223,Standard,422,CLIENT INFORMATION WORKERS,2,5,7,38,Complete,
4224,Standard,422,CLIENT INFORMATION WORKERS,2,5,7,38,Complete,
4225,Standard,422,CLIENT INFORMATION WORKERS,2,5,7,38,Complete,
4226,Standard,422,CLIENT INFORMATION WORKERS,2,5,7,38,Complete,
4229,Standard,422,CLIENT INFORMATION WORKERS,2,5,7,38,Complete,
6112,Standard,611,MARKET GARDENERS AND CROP GROWERS,2,5,7,38,Complete,
6113,Standard,611,MARKET GARDENERS AND CROP GROWERS,2,5,7,38,Complete,
6114,Standard,611,MARKET GARDENERS AND CROP GROWERS,2,5,7,38,Complete,
6115,Standard,611,MARKET GARDENERS AND CROP GROWERS,2,5,7,38,Complete,
7211,Standard,721,"SHEET AND STRUCTURAL METAL WORKERS, MOULDERS AND WELDERS AND",2,5,7,38,Complete,
7213,Standard,721,"SHEET AND STRUCTURAL METAL WORKERS, MOULDERS AND WELDERS AND",2,5,7,38,Complete,
7214,Standard,721,"SHEET AND STRUCTURAL METAL WORKERS, MOULDERS AND WELDERS AND",2,5,7,38,Complete,
7215,Standard,721,"SHEET AND STRUCTURAL METAL WORKERS, MOULDERS AND WELDERS AND",2,5,7,38,Complete,
7232,Standard,723,MACHINERY MECHANICS AND REPAIRERS,2,5,7,38,Complete,
7233,Standard,723,MACHINERY MECHANICS AND REPAIRERS,2,5,7,38,Complete,
7234,Standard,723,MACHINERY MECHANICS AND REPAIRERS,2,5,7,38,Complete,
7239,Standard,723,MACHINERY MECHANICS AND REPAIRERS,2,5,7,38,Complete,
8321,Standard,832,"CAR, VAN AND MOTORCYCLE DRIVERS",2,5,7,38,Complete,
0121,Generalized (NEC),012,GENERAL DUTY OFFICERS (MA),5,0,5,36,Complete,Broad residual or general-duty unit group; questions remain at unit-group level.
0131,Generalized (NEC),013,PERSONNEL OF OTHER RANKS (MA),5,0,5,36,Complete,Broad residual or general-duty unit group; questions remain at unit-group level.
0211,Generalized (NEC),021,GENERAL DUTY OFFICERS (RMN),5,0,5,36,Complete,Broad residual or general-duty unit group; questions remain at unit-group level.
0221,Generalized (NEC),022,PERSONNEL OF OTHER RANKS (RMN),5,0,5,36,Complete,Broad residual or general-duty unit group; questions remain at unit-group level.
0311,Generalized (NEC),031,GENERAL DUTY OFFICERS (RMAF),5,0,5,36,Complete,Broad residual or general-duty unit group; questions remain at unit-group level.
0321,Generalized (NEC),032,PERSONNEL OF OTHER RANKS (RMAF),5,0,5,36,Complete,Broad residual or general-duty unit group; questions remain at unit-group level.
1619,Generalized (NEC),161,PROFESSIONAL SERVICES MANAGERS,5,0,5,36,Complete,Broad residual or general-duty unit group; questions remain at unit-group level.
2179,Generalized (NEC),217,"SHIP, AIRCRAFT AND TRAIN/ LOCOMOTIVE CONTROLLERS",5,0,5,36,Complete,Broad residual or general-duty unit group; questions remain at unit-group level.
2619,Generalized (NEC),261,LEGAL PROFESSIONALS,5,0,5,36,Complete,Broad residual or general-duty unit group; questions remain at unit-group level.
2919,Generalized (NEC),291,REGULATORY BODY PROFESSIONALS,5,2,7,38,Complete,Broad residual or general-duty unit group; questions remain at unit-group level.
3129,Generalized (NEC),312,"MINING, MANUFACTURING AND CONSTRUCTION SUPERVISORS",5,0,5,36,Complete,Broad residual or general-duty unit group; questions remain at unit-group level.
3139,Generalized (NEC),313,PROCESS CONTROL TECHNICIANS,5,0,5,36,Complete,Broad residual or general-duty unit group; questions remain at unit-group level.
3159,Generalized (NEC),315,"SHIP, AIRCRAFT AND TRAIN TECHNICIANS",5,0,5,36,Complete,Broad residual or general-duty unit group; questions remain at unit-group level.
3719,Generalized (NEC),371,REGULATORY GOVERNMENT ASSOCIATE PROFESSIONALS,5,0,5,36,Complete,Broad residual or general-duty unit group; questions remain at unit-group level.
5329,Generalized (NEC),532,PERSONAL CARE WORKERS IN HEALTH SERVICES,5,0,5,36,Complete,Broad residual or general-duty unit group; questions remain at unit-group level.
5419,Generalized (NEC),541,PROTECTIVE SERVICES WORKERS,5,0,5,36,Complete,Broad residual or general-duty unit group; questions remain at unit-group level.
7319,Generalized (NEC),731,HANDICRAFT WORKERS,5,0,5,36,Complete,Broad residual or general-duty unit group; questions remain at unit-group level.
7639,Generalized (NEC),763,OTHER CRAFT AND RELATED WORKERS,5,0,5,36,Complete,Broad residual or general-duty unit group; questions remain at unit-group level.
8219,Generalized (NEC),821,ASSEMBLERS,5,0,5,36,Complete,Broad residual or general-duty unit group; questions remain at unit-group level.
9629,Generalized (NEC),962,OTHER ELEMENTARY WORKERS,5,0,5,36,Complete,Broad residual or general-duty unit group; questions remain at unit-group level.
