occupation_code,title,description,source
1120,Managing Directors and Chief Executives,"Managing directors and chief executives formulate and review the policies and plan, direct, coordinate and evaluate the overall activities of enterprises or organizations (except special-interest organizations and government departments) with the support of other managers, usually within guidelines established by a board of directors or a governing body to whom they are answerable for the operations undertaken and results.",ILO ISCO-08
1330,Information and Communications Technology Service Managers,"Information and communications technology service managers plan, direct and coordinate the acquisition, development, maintenance and use of computer and telecommunication systems, either as the manager of a department or as the general manager of an enterprise or organization that does not have a hierarchy of managers.",ILO ISCO-08
1341,Child Care Service Managers,"Child care service managers plan, direct, and coordinate and evaluate the provision of care for children in before-school, after-school, vacation and day care centres and services.",ILO ISCO-08
1342,Health Service Managers,"Health service managers plan, direct, coordinate and evaluate the provision of clinical and community health care services in hospitals, clinics, public health agencies and similar organizations.",ILO ISCO-08
1343,Aged Care Service Managers,"Aged care service managers plan, direct coordinate and evaluate the provision of residential and personal care services for individuals and families who are in need of such services due to the effects of ageing.",ILO ISCO-08
1344,Social Welfare Managers,"Social welfare managers plan, direct and coordinate the provision of social and community service programmes such as income support, family assistance, children’s services and other community programmes and services.",ILO ISCO-08
1345,Education Managers,"Education managers plan, direct, coordinate and evaluate the educational and administrative aspects of education services, primary and secondary schools, colleges and faculties and departments in universities and other educational institutions.",ILO ISCO-08
1346,Financial and Insurance Services Branch managers,"Financial and insurance services branch managers plan, direct, and coordinate the branches of institutions that provide financial and insurance services, such as banks, building societies, credit unions and insurance companies. They provide advice and assistance to clients on financial and insurance matters.",ILO ISCO-08
1349,Professional Services Managers Not Elsewhere Classified,"This unit group covers managers who plan, direct coordinate and evaluate the provision of specialized professional and technical services and are not classified in Minor Group 121: Business Services and Administration Managers, or elsewhere in Minor Group 134: Professional Services Managers. For instance, managers responsible for the provision of policing, corrective, library, legal and fire services are classified here.",ILO ISCO-08
1420,Retail and Wholesale Trade Managers,"Retail and wholesale trade managers, plan, organize, co-ordinate and control the operations of establishments that sell goods on a retail or wholesale basis. They are responsible for the budgets, staffing and strategic and operational direction of shops, or of organizational units within shops that sell particular types of product.",ILO ISCO-08
1431,"Sports, Recreation and Cultural Centre Managers","Sports, recreation and cultural centre managers plan, organize and control the operations of establishments that provide sporting, artistic, theatrical and other recreational and amenity services.",ILO ISCO-08
2120,"Mathematicians, Actuaries and Statisticians","Mathematicians, actuaries and statisticians conduct research and improve or develop mathematical, actuarial and statistical concepts, theories and operational methods and techniques and advise on or engage in their practical application in such fields as engineering, business and social and other sciences.",ILO ISCO-08
2230,Traditional and Complementary Medicine Professionals,"Traditional and complementary medicine professionals examine patients, prevent and treat illness, disease, injury, and other physical and mental impairments and maintain general health in humans by applying knowledge, skills and practices acquired through extensive study of the theories, beliefs and experiences, originating in specific cultures",ILO ISCO-08
2240,Paramedical Practitioners,"Paramedical practitioners provide advisory, diagnostic, curative and preventive medical services more limited in scope and complexity than those carried out by medical doctors. They work autonomously, or with limited supervision of medical doctors, and apply advanced clinical procedures for treating and preventing diseases, injuries and other physical or mental impairments common to specific communities.",ILO ISCO-08
2250,Veterinarians,"Veterinarians diagnose, prevent and treat diseases, injuries and dysfunctions of animals. They may provide care to a wide range of animals or specialize in the treatment of a particular animal group or in a particular specialty area, or provide professional services to commercial firms producing biological and pharmaceutical products.",ILO ISCO-08
2310,University and Higher Education Teachers,"University and higher education teachers prepare and deliver lectures and conduct tutorials in one or more subjects within a prescribed course of study at a university or other higher educational institution. They conduct research, and prepare scholarly papers and books.",ILO ISCO-08
2320,Vocational Education Teachers,Vocational education teachers teach or instruct vocational or occupational subjects in adult and further education institutions and to senior students in secondary schools and colleges. They prepare students for employment in specific occupations or occupational areas for which university or higher education is not normally required.,ILO ISCO-08
2330,Secondary Education Teachers,"Secondary education teachers teach one or more subjects at secondary education level, excluding subjects intended to prepare students for employment in specific occupational areas.",ILO ISCO-08
2351,Education Methods Specialists,"Education methods specialists conduct research and develop or advise on teaching methods, courses and aids. They review and examine teachers' work, the functioning of educational institutions and the results achieved and recommend changes and improvements.",ILO ISCO-08
2352,Special Needs Teachers,"Special needs teachers teach physically or mentally handicapped children, young persons, or adults, or those with learning difficulties or other special needs. They promote the social, emotional, intellectual and physical development of their students.",ILO ISCO-08
2353,Other Language Teachers,"Other language teachers teach non-native languages to adults and children who are learning a language for reasons of migration, to fulfil employment requirements or opportunities, to facilitate participation in educational programmes delivered in a foreign language, or for personal enrichment. They work outside the mainstream primary, secondary and higher education systems, or in support of students and teachers within those systems.",ILO ISCO-08
2354,Other Music Teachers,"Other music teachers teach students in the practice, theory and performance of music outside the mainstream primary, secondary and higher education systems, but may provide private or small group tuition as an extra curricular activity in association with mainstream educational institutions.",ILO ISCO-08
2355,Other Arts Teachers,"Other arts teachers teach students in the practice, theory and performance of dance, drama, visual and other arts (excluding music) outside the mainstream primary, secondary and higher education systems, but may provide private or small group tuition as an extracurricular activity in association with mainstream educational institutions.",ILO ISCO-08
2356,Information Technology Trainers,"Information technology trainers develop, schedule and conduct training programmes and courses for computer and other information technology users outside the mainstream primary, secondary and higher education systems.",ILO ISCO-08
2359,Teaching Professionals Not Elsewhere Classified,"This unit group covers teaching professionals not classified elsewhere in Sub-major Group 23: Teaching Professionals. For instance, the group includes those who provide private tuition in subjects other than foreign languages and the arts, and those who provide educational counselling to students.",ILO ISCO-08
2529,Database and Network Professionals Not Elsewhere Classified,"This unit group includes database and network professionals not classified elsewhere in Minor Group 252: Database and Network Professionals. For instance, the group includes information and communications technology security specialists.",ILO ISCO-08
2621,Archivists and Curators,"Archivists and curators collect, appraise and ensure the safekeeping and preservation of the contents of archives, artefacts and records of historical, cultural, administrative and artistic interest, and of art and other objects. They plan, devise and implement systems for the safekeeping of records and historically valuable documents.",ILO ISCO-08
2622,Librarians and Related Information Professionals,"Librarians and related information professionals collect, select, develop, organize and maintain library collections and other information repositories, organize and control other library services and provide information for users.",ILO ISCO-08
2631,Economists,"Economists conduct research, monitor data, analyse information and prepare reports and plans to resolve economic and business problems and develop models to analyse, explain and forecast economic behaviour and patterns. They provide advice to business, interest groups and governments to formulate solutions to present or projected economic and business problems.",ILO ISCO-08
2632,"Sociologists, Anthropologists and Related Professionals","Sociologists, anthropologists and related professionals investigate and describe the structure, origin and evolution of societies and the interdependence between environmental conditions and human activities. They provide advice on the practical application of their findings in the formulation of economic and social policies.",ILO ISCO-08
2633,"Philosophers, Historians and Political Scientists","Philosophers, historians and political scientists conduct research into the nature of human experience and existence, phases or aspects of human history, and political structures, movements and behaviour. They document and report on findings to inform and guide political and individual actions",ILO ISCO-08
2634,Psychologists,"Psychologists research into and study the mental processes and behaviour of human beings as individuals or in groups, and apply this knowledge to promote personal, social, educational or occupational adjustment and development.",ILO ISCO-08
2635,Social Work and Counselling Professionals,"Social work and counselling professionals provide advice and guidance to individuals, families, groups, communities and organizations in response to social and personal difficulties. They assist clients to develop skills and access resources and support services needed to respond to issues arising from unemployment, poverty, disability, addiction, criminal and delinquent behaviour, and marital and other problems.",ILO ISCO-08
2636,Religious Professionals,"Religious professionals function as perpetuators of sacred traditions, practices and beliefs. They conduct religious services, celebrate or administer the rites of a religious faith or denomination, provide spiritual and moral guidance and perform other functions associated with the practice of a religion.",ILO ISCO-08
2641,Authors and Related Writers,"Authors and related writers plan, research and write books, scripts, storyboards, plays, essays, speeches, manuals, specifications and other non-journalistic articles (excluding material for newspapers, magazines and other periodicals) for publication or presentation.",ILO ISCO-08
2642,Journalists,"Journalists research, investigate, interpret and communicate news and public affairs through newspapers, television, radio and other media.",ILO ISCO-08
2643,"Translators, Interpreters and Other Linguists","Translators, interpreters and other linguists translate or interpret from one language into another and study the origin, development and structure of languages.",ILO ISCO-08
2651,Visual Artists,"Visual artists create and execute works of art by sculpting, painting, drawing, creating cartoons, engraving or using other techniques.",ILO ISCO-08
2652,"Musicians, Singers and Composers","Musicians, singers and composers write, arrange, conduct and perform musical compositions.",ILO ISCO-08
2653,Dancers and Choreographers,Dancers and choreographers conceive and create or perform dances.,ILO ISCO-08
2654,"Film, Stage and Related Directors and Producers","Film, stage and related directors and producers oversee and control the technical and artistic aspects of motion pictures, television or radio productions and stage shows.",ILO ISCO-08
2655,Actors,"Actors portray roles in motion pictures, television or radio productions and stage shows.",ILO ISCO-08
2656,"Announcers on Radio, Television and Other Media","Announcers on radio, television and other media read news bulletins, conduct interviews, and make other announcements or introductions on radio, television, and in theatres and other establishments or media",ILO ISCO-08
2659,Creative and Performing Artists Not Elsewhere Classified,"This unit group covers all creative and performing artists not classified elsewhere in Minor Group 265: Creative and Performing Artists. For instance, the group includes clowns, magicians, acrobats and other performing artists.",ILO ISCO-08
3119,Physical and Engineering Science Technicians Not Elsewhere Classified,"This unit group covers physical and engineering science technicians not classified elsewhere in Minor Group 311: Physical and Engineering Science Technicians. For instance, the unit group includes those who assist scientists and engineers engaged in developing procedures or conducting research on safety, biomedical, environmental or industrial and production engineering.",ILO ISCO-08
3151,Ships' Engineers,"Ships’ engineers control and participate in the operation, maintenance and repair of mechanical, electrical and electronic equipment and machinery on board ship, or perform related supporting functions on shore.",ILO ISCO-08
3152,Ships' Deck Officers and Pilots,"Ships’ deck officers and pilots command and navigate ships and similar vessels, and perform related functions on shore.",ILO ISCO-08
3153,Aircraft Pilots and Related Associate Professionals,"Aircraft pilots and related associate professionals control the operation of mechanical, electrical and electronic equipment, in order to navigate aircraft for transporting passengers, mail and freight, and perform related pre-flight and in-flight tasks.",ILO ISCO-08
3154,Air Traffic Controllers,"Air traffic controllers direct aircraft movements in airspace and on the ground, using radio, radar and lighting systems, and provide information relevant to the operation of aircraft.",ILO ISCO-08
3155,Air Traffic Safety Electronics Technicians,"Air traffic safety electronics technicians perform technical tasks concerning the design, installation, management, operation, maintenance and repair of air traffic control and air navigation systems.",ILO ISCO-08
3230,Traditional and Complementary Medicine Associate Professionals,"Traditional and complementary medicine associate professionals prevent, care for and treat human physical and mental illnesses, disorders and injuries using herbal and other therapies based on theories, beliefs and experiences originating in specific cultures. They administer treatments using traditional techniques and medicaments, either acting independently or according to therapeutic care plans established by a traditional medicine or other health professional.",ILO ISCO-08
3240,Veterinary Technicians and Assistants,"Veterinary technicians and assistants carry out advisory, diagnostic, preventive and curative veterinary tasks more limited in scope and complexity than those carried out by, and with the guidance of, veterinarians. They care for animals under treatment and in temporary residence at veterinary facilities, perform routine procedures and assist veterinarians to perform procedures and operations.",ILO ISCO-08
3341,Office Supervisors,Office supervisors supervise and coordinate the activities of workers in Major Group 4: Clerical Support Workers.,ILO ISCO-08
3351,Customs and Border Inspectors,Customs and border inspectors check persons and vehicles crossing national borders to administer and enforce relevant government rules and regulations.,ILO ISCO-08
3352,Government Tax and Excise Officials,"Government tax and excise officials examine tax returns, bills of sale and other documents to determine the type and amount of taxes, duties and other types of fees to be paid by individuals or businesses, referring exceptional or important cases to accountants, senior government officials or Managers.",ILO ISCO-08
3353,Government Social Benefits Officials,"Government social benefits officials examine applications for government, financial or service programmes to determine eligibility and amount of benefit or appropriate services, referring exceptional or important cases to senior government officials or managers.",ILO ISCO-08
3354,Government Licensing Officials,"Government licensing officials examine applications for licences to export or import goods, set up businesses, build houses or other structures, or to obtain passports, determine eligibility of applications for issuing licences or passports, and identify specific conditions or restrictions to be attached to licences issued, referring exceptional or important cases to senior government officials or managers.",ILO ISCO-08
3355,Police Inspectors and Detectives,"Police inspectors and detectives investigate facts and circumstances relating to crimes committed in order to identify suspected offenders and obtain information not readily available or apparent concerning establishments or the circumstances and behaviour of persons, mostly in order to prevent crimes.",ILO ISCO-08
3359,Government Regulatory AssociatePprofessionals Not Elsewhere Classified,"This unit group covers government regulatory associate professionals not classified elsewhere. For instance the group includes agricultural, fisheries, forestry, prices, wages and weights and measures inspectors.",ILO ISCO-08
3412,Social Work Associate Professionals,Social work associate professionals administer and implement social assistance programmes and community services and assist clients to deal with personal and social problems.,ILO ISCO-08
3413,Religious Associate Professionals,"Religious associate professionals provide support to ministers of religion or to a religious community, undertake religious works, preach and propagate the teachings of a particular religion and endeavour to improve well-being through the power of faith and spiritual advice.",ILO ISCO-08
3421,Athletes and Sports Players,"Athletes and sport players participate in competitive sporting events. They train and compete, either individually or as part of a team, in their chosen sport.",ILO ISCO-08
3422,"Sports Coaches, Instructors and Officials","Sports coaches, instructors and officials work with amateur and professional sportspersons to enhance performance, encourage greater participation in sport, and organize and officiate in sporting events according to established rules.",ILO ISCO-08
3423,Fitness and Recreation Instructors and Programme Leaders,"Fitness and recreation instructors and programme leaders lead, guide and instruct groups and individuals in recreational, fitness or outdoor adventure activities.",ILO ISCO-08
3431,Photographers,"Photographers operate still cameras to photograph people, events, scenes, materials, products and other subjects.",ILO ISCO-08
3432,Interior Designers and Decorators,"Interior designers and decorators plan and design commercial, industrial, public, retail and residential building interiors to produce an environment tailored to a purpose, taking into consideration factors that enhance living and working environments and sales promotion. They coordinate and participate in their construction and decoration.",ILO ISCO-08
3433,"Gallery, Museum and Library Technicians","Gallery, museum and library technicians prepare artworks, specimens and artefacts for collections, arrange and construct gallery exhibits, and assist librarians to organize and operate systems for handling recorded material and files.",ILO ISCO-08
3434,Chefs,"Chefs design menus, create dishes and oversee the planning, organization preparation and cooking of meals in hotels, restaurants and other eating places, on board ships, on passenger trains and in private households.",ILO ISCO-08
3511,Information and Communications Technology Operations Technicians,"Information and communications technology operations technicians support the day-to-day processing, operation and monitoring of information and communications technology systems, peripherlas, hardware, software and related computer equipment to ensure optimal performance and identify any problems.",ILO ISCO-08
4110,General Office Clerks,General office clerks perform a range of clerical and administrative tasks according to established procedures.,ILO ISCO-08
4120,Secretaries (general),"Secretaries (general) use typewriters, personal computers or other word-processing equipment to transcribe correspondence and other documents, check and format documents prepared by other staff, deal with incoming and outgoing mail, screen requests for meetings or appointments, and perform a variety of administrative support tasks.",ILO ISCO-08
4224,Hotel Receptionists,"Hotel receptionists welcome and register guests in hotels and other establishments that provide accommodation services. They assign rooms, issue keys, provide information concerning the services provided, make room reservations, keep a record of rooms available for occupancy and present statements of charges to departing guests and receive payment.",ILO ISCO-08
4226,Receptionists (general),"Receptionists (general) receive and welcome visitors, clients or guests and respond to inquiries and requests including arranging for appointments.",ILO ISCO-08
4227,Survey and Market Research Interviewers,Survey and market research interviewers interview people and record their responses to survey and market research questions on a range of topics.,ILO ISCO-08
4313,Payroll Clerks,"Payroll clerks collect, verify and process payroll information and compute pay and benefit entitlements for employees within a department, company or other establishment.",ILO ISCO-08
5120,Cooks,"Cooks plan, organize, prepare and cook meals, according to recipes or under the supervision of chefs, in hotels, restaurants and other eating places, on board ships, on passenger trains and in private households.",ILO ISCO-08
5230,Cashiers and Ticket Clerks,"Cashiers and ticket clerks operate cash registers, optical price scanners, computers or other equipment to record and accept payment for the purchase of goods, services and admissions in settings such as stores, restaurants and ticket offices.",ILO ISCO-08
6130,Mixed Crop and Animal Producers,"Mixed crop and animal producers plan, organize and perform farming operations to grow and harvest field, tree and various other crops, as well as to breed, raise and tend animals and to produce a variety of animal husbandry products, for sale or delivery to wholesale buyers, marketing organizations or at markets.",ILO ISCO-08
6210,Forestry and Related Workers,"Forestry and related workers plan, organize and perform operations to cultivate, conserve and exploit natural and plantation forests.",ILO ISCO-08
6310,Subsistence Crop Farmers,"Subsistence crop farmers grow and harvest field or tree and shrub crops, vegetables and fruit, in order to provide food, shelter and, in some cases, a minimum of cash income for themselves and their households.",ILO ISCO-08
6320,Subsistence Livestock Farmers,"Subsistence livestock farmers breed, raise and tend livestock in order to provide food, shelter and, in some cases, a minimum of cash income for themselves and their households.",ILO ISCO-08
6330,Subsistence Mixed Crop and Livestock Farmers,"Subsistence mixed crop and livestock farmers grow and harvest field or tree and shrub crops, vegetables and fruit; gather wild fruits and medicinal and other plants; tend or hunt animals; and/or catch fish and gather various forms of aquatic life in order to provide food, shelter and, in some cases, a minimum of cash income for themselves and their households.",ILO ISCO-08
6340,"Subsistence Fishers, Hunters, Trappers and Gatherers","Subsistence fishers, hunters, trappers and gatherers gather wild fruits, medicinal and other plants; hunt and trap animals; catch fish and gather various forms of aquatic life in order to provide food, shelter and, in some cases, a minimum of cash income for themselves and their households.",ILO ISCO-08
7511,"Butchers, Fishmongers and Related Food Preparers","Butchers, fishmongers and related food preparers slaughter animals, clean, cut and dress meat and fish, remove bones and prepare related food items, or preserve meat, fish and other foods and food products by drying, salting or smoking.",ILO ISCO-08
7521,Wood Treaters,"Wood treaters season, preserve and treat wood and lumber manually or using wood treatment equipment such as kilns and tanks.",ILO ISCO-08
7522,Cabinet-makers and Related Workers,"Cabinet-makers and related workers make, decorate and repair wooden furniture, carts and other vehicles, wheels, parts, fittings, patterns, models and other wooden products using woodworking machines, machine tools and specialized hand tools.",ILO ISCO-08
7523,Woodworking Machine Tool Setters and Operators,"Woodworking machine tool setters and operators set-up, operate and monitor automatic or semi-automatic woodworking machines, such as precision sawing, shaping, planing, boring, turning and woodcarving machines to fabricate or repair wooden parts for furniture, fixtures and other wooden products.",ILO ISCO-08
7531,"Tailors, Dressmakers, Furriers and Hatters","Tailors, dressmakers, furriers and hatters fabricate, fit, alter and repair tailored or hand-made clothing. They produce made-to-measure clothing such as suits, overcoats and dresses from textile fabrics, light leather, fur and other material, or make hats or wigs according to customer’s and clothing manufacturer’s specifications.",ILO ISCO-08
7532,Garment and Related Patternmakers and Cutters,"Garment and related patternmakers and cutters create precision master patterns for the production of garments, other textile, leather or fur products. They mark, cut, shape and trim textile, light leather and other materials according to blueprints or specifications in the manufacture of garments, hats and caps, gloves and miscellaneous products.",ILO ISCO-08
7533,"Sewing, Embroidery and Related Workers","Sewing, embroidery and related workers sew together, repair, renovate and decorate garments, gloves and other products of textile, fur, light leather and other materials and fabricate tents sails, awnings and tarpaulins. They work mainly by hand using a needle and thread but may perform some tasks using a sewing machine.",ILO ISCO-08
7534,Upholsterers and Related Workers,"Upholsterers and related workers install, repair and replace upholstery of furniture, fixtures, orthopaedic appliances, seats, panels, convertible and vinyl tops and other furnishings of automobiles, railway coaches, aircraft, ships and similar items with fabric, leather, rexine or other upholstery material. They also make and repair cushions, quilts and mattresses.",ILO ISCO-08
7535,"Pelt Dressers, Tanners and Fellmongers","Pelt dressers, tanners and fellmongers trim, scrape, clean, tan, buff and dye animal hides, pelts or skins to produce leather stock and finished furs for making garments and other products.",ILO ISCO-08
7536,Shoemakers and Related Workers,"Shoemakers and related workers make, modify and repair standard, custom or orthopaedic footwear and natural or synthetic leather articles, such as luggage, handbags and belts, (except for leather garments, hats and gloves), or participate in the manufacture of shoes and related goods. They decorate, reinforce or finish shoes, luggage, handbags and belts.",ILO ISCO-08
7541,Underwater Divers,"Underwater divers work under the surface of water, with or without the aid of underwater breathing apparatus, to inspect, install, repair and remove equipment and structures, conduct tests or experiments, rig explosives, photograph structures or marine life, collect various forms of aquatic life for commercial or research purposes, and find and recover missing items and persons.",ILO ISCO-08
7542,Shotfirers and Blasters,"Shotfirers and blasters position, assemble, and detonate explosives at mining, quarrying and demolition sites.",ILO ISCO-08
7543,Product Graders and Testers (except Foods and Beverages),"Product graders and testers (except foods and beverages) inspect, test, sort, sample and weigh raw materials, manufactured components and non-comestible goods produced or sold, to ensure compliance with quality standards and to identify defects, wear, and deviations from specifications, and to grade and classify them according to their quality.",ILO ISCO-08
7544,Fumigators and Other Pest and Weed Controllers,"Fumigators and other pest and weed controllers use chemicals to remove harmful insects, small animals, wild plants and other unwanted organisms, to prevent damage to crops and to buildings and other structures and their surroundings, and to prevent health risks.",ILO ISCO-08
7549,Craft and Related Workers not Elsewhere Classified,"This group covers craft and trade occupations not classified elsewhere in Major Group 7: Craft and Related Trades Workers. For instance, the group includes those who mould, slice, grind and polish optical lenses and those who arrange flowers for display.",ILO ISCO-08
8160,Food and Related Products Machine Operators,"Food and related machine operators set, operate and attend machinery used to slaughter animals, trim meat from carcasses, and bake, freeze, heat, crush, mix, blend and otherwise process foodstuffs, beverages and tobacco leaves.",ILO ISCO-08
8350,Ships' Deck Crews and Related Workers,Ship’s deck crews and related workers carry out deck duties on board ships and similar duties on board other water-borne craft.,ILO ISCO-08
9321,Hand Packers,"Hand packers weigh, pack and label materials and products by hand.",ILO ISCO-08
9333,Freight Handlers,"Freight handlers carry out tasks such as packing, carrying, loading and unloading furniture and other household items, or loading and unloading ship and aircraft cargoes and other freight, or carrying and stacking goods in various warehouses.",ILO ISCO-08
9510,Street and Related Service Workers,"Street and related service workers provide a variety of services on streets and in other public places, including cleaning shoes, washing car windows, running errands, handing out leaflets, looking after property, and providing other on-the-spot street services.",ILO ISCO-08
9520,Street Vendors (excluding Food),"Street vendors (excluding food) sell a usually limited range of goods (excluding food for immediate consumption) in streets and public places such as stations, cinemas or theatres.",ILO ISCO-08
